LibID,SampleID,PointLongitude,PointLatitude
LIB-MX006-E2,1449,10.3538654441811,55.2061055446762
LIB-MX008_run2-F1,1652,9.90671014285618,57.0492019604308
LIB-MX003-G10,1214,9.77822770356687,56.095624264279
LIB-MX002-D7,3241,8.51900352942936,56.6481530219208
LIB-MX004-B11,1935,9.49618352058654,56.6190005403398
LIB-MX008_run2-D6,1579,11.9643277777777,55.3139805555555
LIB-MX008_run2-D10,3208,10.2399848003345,57.3448508156987
LIB-MX002-F5,3397,11.5537911098969,55.4526737660434
LIB-MX008_run2-A1,3257,11.6836820909394,55.7094874876191
LIB-MX010-D10,1533,12.5806888888888,55.6699972222222
LIB-MX007-D6,3385,12.3252056290614,55.6691847263082
LIB-MX003-A10,3142,12.54595,55.8230972222222
LIB-MX001-E9,3002,8.75607624519768,55.332396839814
LIB-MX002-D4,3273,9.55656172249005,54.8931758697425
LIB-MX009-B7,3234,12.4908140943864,55.8912491845004
LIB-MX011-D8,1731,11.889902613661,55.5658528434109
LIB-MX003-H6,1934,10.1584472222222,56.0673861111111
LIB-MX011-A4,1272,11.6957178125936,55.7121801193927
LIB-MX006-A12,1311,9.47812777777777,55.500125
LIB-MX011-F2,3400,10.2966222222222,56.2245333333333
LIB-MX010-D3,1723,12.5876049765828,55.7889211269993
LIB-MX003-E5,1548,10.3929547642919,55.3657342096721
LIB-MX007-A1,3317,11.7810666666666,55.4380694444444
LIB-MX005-H2,1966,11.9856638888888,55.8363083333333
LIB-MX003-E1,3284,9.68562945305449,57.1989686173999
LIB-MX011-G5,1144,10.2674216117697,56.2121410631599
LIB-MX009-D10,1359,12.2815788072858,55.9552034829243
LIB-MX011-F8,1059,10.1329194444444,55.389175
LIB-MX001-G9,1977,9.70547758388802,55.5377351255244
LIB-MX002-B9,1526,9.15291666666666,56.1268416666666
LIB-MX010-F6,1111,9.89212222222222,55.2621694444444
LIB-MX001-E8,1965,9.47715114154653,55.508320135666
LIB-MX005-E3,3285,9.64325619972222,56.9776014997222
LIB-MX004-A11,1389,12.4760007406286,55.9037113618927
LIB-MX003-F9,1898,12.2115408578008,55.5331256189909
LIB-MX004-D4,3339,12.4678536748254,55.7067441958113
LIB-MX009-G1,1348,10.302594912092,56.2714509487255
LIB-MX005-D3,1006,12.511625,55.8805444444444
LIB-MX006-B4,1503,8.97751511186554,56.1505597594576
LIB-MX003-G11,1391,12.4764651017373,55.9040156478086
LIB-MX006-D8,1060,9.45910069294915,56.1506175980298
LIB-MX007-F9,1405,12.3591472222222,55.8797722222222
LIB-MX005-B6,1835,8.43159584932707,55.5476350906839
LIB-MX001-E6,1814,9.61444444444444,55.8202944444444
LIB-MX005-D1,1864,12.5711049628597,55.7069617104662
LIB-MX004-E2,1631,9.52535708100101,55.7061642834253
LIB-MX003-G8,1828,9.94548027342623,57.2803914947627
LIB-MX002-F6,1818,11.1322665481177,54.8334013129565
LIB-MX001-G1,1847,11.783426732805,55.3974937084018
LIB-MX004-B10,1087,12.5795288795497,55.7123689544959
LIB-MX006-D4,1344,12.514845459435,55.7089031326845
LIB-MX009-D3,1042,8.79930232629996,56.2660271023189
LIB-MX006-H4,1052,12.3103589230714,55.7428529034717
LIB-MX001-C7,1326,12.4780547618865,55.7923370062262
LIB-MX005-E1,1877,12.4985733207209,55.6604600404436
LIB-MX006-E11,1618,10.2023509305187,56.1369552530443
LIB-MX011-C7,1975,12.5291087819109,55.667915838901
LIB-MX009-B4,1037,9.82649264411088,56.8930112655796
LIB-MX004-B5,3249,9.64518095103771,55.2501485189207
LIB-MX010-E3,1622,9.52552495609628,55.7074041063547
LIB-MX007-C11,1335,12.4804230978552,55.8023218688226
LIB-MX006-D11,3278,12.058881481756,55.312496297863
LIB-MX008_run2-D2,1458,12.1061664130626,55.6601472026272
LIB-MX004-B4,3015,10.2606378277818,55.0973220611093
LIB-MX010-C6,1873,10.1847369241243,55.3166559722322
LIB-MX005-E5,3047,8.80753333333333,56.0745777777777
LIB-MX010-H7,1718,11.7784953905624,55.6139217076641
LIB-MX004-E6,1675,9.94343262819046,57.0114949996502
LIB-MX010-E10,1219,12.1824527777777,55.4347722222222
LIB-MX008_run2-C11,1756,10.1018248231389,56.327442265905
LIB-MX006-A2,1082,8.36886886870956,55.9625166185962
LIB-MX010-G2,1445,11.7505,55.2363888888888
LIB-MX011-F6,1881,12.2098119359898,55.5321159028986
LIB-MX004-B2,1493,12.4649627171226,55.6508939169642
LIB-MX005-H9,1765,9.77576555283077,55.5401158796254
LIB-MX006-A3,1242,12.4704722222222,55.7435527777777
LIB-MX003-C11,1842,12.5853109359741,56.0137732229775
LIB-MX011-H5,3312,12.1381308001226,55.4212095387052
LIB-MX011-B4,1787,11.8867787093448,55.1073784390815
LIB-MX004-A1,1227,10.4494671939912,55.3662790473941
LIB-MX010-C12,1841,15.0871386444757,54.995173617454
LIB-MX006-D5,3386,12.3293166666666,55.6728027777777
LIB-MX004-E4,1646,9.46234033333333,55.0824126944444
LIB-MX003-H1,3036,10.0419718607011,56.3198474820604
LIB-MX010-G11,1506,8.79797639972222,55.4736680997222
LIB-MX006-H7,3383,12.3277611111111,55.6702277777777
LIB-MX003-C2,1443,11.3374091555786,55.7008746009535
LIB-MX011-C9,1689,9.94786400805887,57.0282924882187
LIB-MX010-D9,1221,12.1814406045566,55.428644253289
LIB-MX006-A6,1535,12.48817672443,55.6446210274865
LIB-MX009-C4,1949,10.0000626411517,57.0411315170749
LIB-MX003-A11,1621,12.4940715987273,55.6451082336916
LIB-MX008_run2-C9,1356,11.6202299722222,55.711547
LIB-MX004-H10,1049,12.3038182882476,55.7397515551558
LIB-MX005-H4,1676,10.3441722222222,55.1458861111111
LIB-MX010-F7,1544,12.4804766328532,55.7233431115929
LIB-MX011-A8,1696,10.2874691577381,56.7566278539143
LIB-MX004-G1,1067,10.0260861111111,57.1087388888888
LIB-MX011-E1,3055,10.5858219046053,55.860708500217
LIB-MX008_run2-H3,1959,12.4266288527357,55.7338110149361
LIB-MX006-H6,3158,12.1652772203677,55.455155916314
LIB-MX009-E10,3099,10.0311652644333,56.4055159420707
LIB-MX002-C1,3085,12.4134861111111,55.8424555555555
LIB-MX005-G6,1093,12.5794474484935,55.7124405498554
LIB-MX004-H4,1087,12.5795288795497,55.7123689544959
LIB-MX007-E1,3147,10.6110037016952,55.0271849595951
LIB-MX009-D11,3172,12.2682568495327,55.9513521885426
LIB-MX006-G1,1444,10.3571607223144,55.2079398537465
LIB-MX003-A5,1125,10.2026146624225,56.0450950127113
LIB-MX006-D3,1894,9.53038411521351,55.4042193391319
LIB-MX001-H3,1399,11.6604074556482,55.9265028901579
LIB-MX009-G9,1419,10.4117477313303,55.3607863583322
LIB-MX004-H6,1036,14.9696733359419,55.1646792945297
LIB-MX004-E5,1123,10.1970697121571,56.0341169620096
LIB-MX006-D10,3398,10.7342083333333,54.9313499999999
LIB-MX005-H8,1704,11.3152439901399,55.2568502222793
LIB-MX001-A8,1615,12.0263611111111,55.5612722222222
LIB-MX005-D5,1105,14.7029369933618,55.0912855467293
LIB-MX004-H11,3233,8.46992904809997,55.5318473398606
LIB-MX001-A10,3021,9.96769444444444,56.1908083333333
LIB-MX003-D5,1996,9.74156388888888,56.2237861111111
LIB-MX003-E9,1314,9.47792682046135,55.4992826398782
LIB-MX011-H4,1100,9.91828611111111,57.024175
LIB-MX010-B2,1069,8.78835201523861,56.2667245957929
LIB-MX009-H6,1039,9.83930277777777,56.8934777777777
LIB-MX011-C8,1666,8.98750457771185,56.1079540520069
LIB-MX011-H10,3093,10.2753829651454,56.2420590397966
LIB-MX009-D4,1971,9.27067980277836,57.0956984483813
LIB-MX006-G6,1330,12.5059972222222,55.7104444444444
LIB-MX005-F7,1698,9.65306180729445,55.7984033430063
LIB-MX004-B3,1525,9.30750923650634,55.7078176291728
LIB-MX010-E2,3388,10.0386648766702,56.5420445266291
LIB-MX006-E4,1233,12.35475,55.7169527777777
LIB-MX011-D6,3321,9.90166391853914,54.9217063236341
LIB-MX006-E1,1627,12.4877263467831,55.7638376262823
LIB-MX010-E6,1906,14.7156694444444,55.1242722222222
LIB-MX006-D6,3143,10.7337716809961,54.9307254293833
LIB-MX010-A8,1222,12.1818444444444,55.4283444444444
LIB-MX009-B6,3150,9.5275713507188,57.0951027506919
LIB-MX010-C2,1089,10.0240126803131,57.1089381189929
LIB-MX007-C12,1683,12.0961478234178,55.9322705384993
LIB-MX004-G3,1604,10.2019036246208,56.1369380447361
LIB-MX002-E8,1204,9.77863206242083,56.0957475933377
LIB-MX003-F7,1808,9.57518611111111,56.1907222222222
LIB-MX007-C7,1304,12.5306682140361,55.9999052646607
LIB-MX004-H7,3329,11.7827585923451,55.4399557117316
LIB-MX010-H3,1255,8.92728055555555,56.1502333333333
LIB-MX004-A2,1560,12.5526972222222,55.6884194444444
LIB-MX001-E11,1882,12.4978460621432,55.6634722245549
LIB-MX004-A7,1931,9.74431852208923,55.0555942875198
LIB-MX006-F1,1337,12.5077428542842,55.7148382423453
LIB-MX001-G11,1128,9.86195320255234,55.8326368017136
LIB-MX008_run2-D4,3336,12.4887205531311,55.6420166565337
LIB-MX009-G10,1385,12.4758380927848,55.9026316559393
LIB-MX005-C9,1315,12.5784111111111,55.7475055555555
LIB-MX011-B1,1491,8.79256388888888,55.4727555555555
LIB-MX009-E7,1587,12.3521922628491,55.7851522320153
LIB-MX009-B9,3223,8.4240223235727,56.1123462753627
LIB-MX009-A10,3216,9.4008182491069,55.0361597275168
LIB-MX002-E3,1976,9.5255334415778,56.1521967713838
LIB-MX007-G9,1238,12.5542100812369,55.9877824295712
LIB-MX001-D9,1320,12.5157773114822,55.7135825245198
LIB-MX006-B8,3027,9.80908216730111,57.1475716398083
LIB-MX001-C9,1249,12.5276094801584,55.8066632437284
LIB-MX001-H6,3016,11.8569892644882,55.5935272737275
LIB-MX011-G11,1901,10.2460129430008,56.1998147453767
LIB-MX004-E3,1888,11.1911083333333,55.5222027777777
LIB-MX001-C8,3340,12.0351888550396,55.5692635854377
LIB-MX011-E10,3034,9.14527791174977,55.4798966441264
LIB-MX004-G5,1514,9.31118494194208,55.7031368759491
LIB-MX007-B5,1158,9.42243333333333,55.7523694444444
LIB-MX004-G11,1078,9.4846355918877,56.1407777373109
LIB-MX009-B1,1983,8.92320552500631,55.7545527424753
LIB-MX001-A7,1495,12.0171888888888,55.0363222222222
LIB-MX011-D2,3399,10.2972027777777,56.2247388888888
LIB-MX004-F7,3020,8.64725350952422,56.3665643328767
LIB-MX006-G2,1487,12.52160085239,55.6069385133929
LIB-MX003-H7,1601,12.3812766884085,55.76359911839
LIB-MX007-D1,3277,12.0590633415343,55.3125350654551
LIB-MX001-H10,3332,12.4472647335504,55.7267215912472
LIB-MX009-A7,3275,12.5165444998333,55.6849653220788
LIB-MX001-F7,1708,9.60961236258779,56.30472681265
LIB-MX005-C11,1769,9.34327090731383,56.411601327024
LIB-MX005-B11,3224,10.8910968780642,56.4097691241631
LIB-MX004-C11,3183,11.6967620415993,55.7138419608223
LIB-MX004-F9,1207,12.5311972222222,55.8127333333333
LIB-MX008_run2-E11,1542,11.7395576947691,55.7086979323755
LIB-MX008_run2-H4,3343,8.92875798672488,55.7449291708835
LIB-MX004-D5,3065,9.12635833333333,55.1308805555555
LIB-MX003-H5,1603,12.3808121597132,55.7627020074088
LIB-MX011-E4,1369,12.4740888888888,55.9019111111111
LIB-MX009-B2,2000,11.3932979315769,55.3193412309843
LIB-MX001-G7,3037,9.47008343439348,55.4495505537078
LIB-MX010-D6,3324,12.2430525126182,55.5607461392692
LIB-MX003-C12,3000,12.6389027777777,55.6326222222222
LIB-MX004-D10,3239,8.71874400616447,56.8394496088947
LIB-MX010-A4,1892,8.52681389842359,56.8956347494374
LIB-MX006-G8,3140,10.7346295336192,54.9302974117531
LIB-MX003-D11,1509,12.5723722222222,55.7004861111111
LIB-MX002-B5,1524,9.15076388888889,56.1266055555555
LIB-MX004-F1,1331,12.5157160648662,55.7135529211204
LIB-MX003-B2,1186,11.5451888888888,55.4398027777777
LIB-MX001-F4,1910,9.72799444444444,55.0094861111111
LIB-MX003-A2,3042,11.8628138888888,55.9509361111111
LIB-MX007-D10,1375,12.2676034238902,55.9519880775383
LIB-MX010-C9,1392,12.4743276708986,55.9042065027428
LIB-MX004-D2,3008,11.8741273125012,54.8579689814793
LIB-MX003-B7,3247,10.1274914126866,56.093091714277
LIB-MX007-B2,1068,10.133781910118,55.3874496413156
LIB-MX007-H10,1565,12.4349944444444,55.8326111111111
LIB-MX004-A10,3072,9.64988426416683,56.9764670880603
LIB-MX011-C4,1274,9.54523055555555,56.0827166666666
LIB-MX003-A12,3282,9.76517705158997,56.6554879239726
LIB-MX008_run2-G8,1498,9.8282222453655,56.8772724358112
LIB-MX003-G2,1549,10.3940184407086,55.3659172912287
LIB-MX002-B1,3041,8.34886489056274,56.3412636812027
LIB-MX004-D7,3038,11.2667302448948,55.3622338109129
LIB-MX003-A9,1134,9.86358103185225,55.8333076805142
LIB-MX007-C1,1642,10.1913617271018,56.1102306430483
LIB-MX005-C4,3246,9.37320101897092,56.4445570736809
LIB-MX009-D8,1374,12.2636269017487,55.9520355745793
LIB-MX002-E4,3331,11.9847356585276,55.2857091475689
LIB-MX011-A3,3258,10.5853866722266,55.8607372374795
LIB-MX002-F8,1519,9.33429437773314,56.7740466316152
LIB-MX006-A4,3151,10.7322231085202,54.9291091286844
LIB-MX001-A9,3079,12.1010772012747,55.6405120530872
LIB-MX004-A3,1776,10.143429,55.913627
LIB-MX006-A10,1109,14.7028833333333,55.0915194444444
LIB-MX006-G11,3349,12.4388841274931,55.7395699453334
LIB-MX010-B8,3303,12.3869298230894,55.8225082467425
LIB-MX005-A5,1713,9.43908899463838,55.7081863222247
LIB-MX003-E6,1117,9.88084896393505,57.020146119393
LIB-MX011-C1,1999,9.6155984157802,55.5399035818505
LIB-MX008_run2-F9,3039,12.1332768966865,55.5542319858459
LIB-MX005-H7,1047,12.3401481464855,55.7362975201543
LIB-MX007-B7,3351,9.93212412409548,56.4348373504036
LIB-MX001-A6,1411,15.1235524627582,55.0710389269335
LIB-MX001-F6,1258,10.2875426604616,56.2241575876024
LIB-MX004-F2,1648,8.99018181472513,56.1063707401779
LIB-MX004-A12,1010,12.4618808485454,55.6241361074058
LIB-MX011-G4,3097,9.93340364289643,56.4338724540519
LIB-MX004-D3,3235,8.84118093051509,54.9372128322795
LIB-MX002-B6,3007,10.1155527777777,55.2748111111111
LIB-MX009-B12,1236,11.9011472222222,55.0075194444444
LIB-MX008_run2-B2,1026,9.94505031919341,57.2815723430233
LIB-MX008_run2-D11,3252,12.5037004398655,55.7317576262869
LIB-MX008_run2-E5,1885,12.2122927959953,55.5330172863779
LIB-MX008_run2-A6,1925,10.6969827394499,55.0944199008037
LIB-MX008_run2-D8,1522,10.5099166666666,54.8515694444444
LIB-MX007-H5,1912,10.5171885179625,57.4413595398245
LIB-MX007-E7,1637,9.46312065385706,55.0861994722001
LIB-MX008_run2-F8,1029,9.94575262104045,57.2810671632447
LIB-MX005-B12,3179,10.6113415743033,55.0273959585972
LIB-MX008_run2-B3,1499,11.4163111271561,55.6620264661785
LIB-MX002-E2,3304,12.1017690511728,55.6378526584781
LIB-MX008_run2-A11,3076,11.8774777777777,54.7745805555555
LIB-MX003-B10,1502,12.3230379457685,55.5917044264812
LIB-MX003-H2,1452,11.3397949268797,55.6992538068673
LIB-MX006-A8,1897,9.533133692606,55.4031146035518
LIB-MX004-C5,3305,8.74951346216842,55.403136699373
LIB-MX010-H8,1880,10.1849588184819,55.3167988811072
LIB-MX007-B11,1772,11.5568527777777,55.4138861111111
LIB-MX008_run2-C7,1654,10.2041777777777,56.1143222222222
LIB-MX007-A3,1422,10.183068123606,56.1869217021637
LIB-MX007-B9,3061,12.4479972222222,55.7691222222222
LIB-MX005-D2,1103,10.1326611111111,55.3878111111111
LIB-MX009-C11,1034,9.84345833333333,56.8933444444444
LIB-MX007-H3,3180,8.92541111111111,56.1507833333333
LIB-MX001-H2,3214,10.589924959856,56.3593570422515
LIB-MX010-B4,1235,11.9009638888888,55.0075
LIB-MX008_run2-B11,3302,12.511365180381,55.9577548917011
LIB-MX009-E11,3176,8.9254450734096,56.1506416666666
LIB-MX011-H2,1262,11.7030660201679,55.7097514334677
LIB-MX001-F11,3209,12.6132668807459,55.6584165837473
LIB-MX004-H1,3084,8.7468458583069,55.4016794888735
LIB-MX004-C7,3286,9.76485154232786,56.6556186235431
LIB-MX009-H8,1440,12.6006803007697,55.636886688091
LIB-MX001-E2,3033,10.0414365560904,56.3206335012806
LIB-MX010-G4,3171,12.2682746235648,55.9516086951535
LIB-MX002-C9,1325,12.4850083758545,55.8461634469069
LIB-MX004-A5,3325,12.250527828855,55.5641357376646
LIB-MX005-C2,3250,9.37225333761876,56.44608021598
LIB-MX003-G4,1475,11.3343916388888,55.7036388888888
LIB-MX006-A5,1518,12.4795727113322,55.6261127295179
LIB-MX009-A2,1376,12.2807940917354,55.9465848041808
LIB-MX007-D4,3299,11.876009419302,54.7755511292465
LIB-MX004-H9,1883,8.86471033926396,54.931397842813
LIB-MX007-F6,1406,10.512254374237,57.4438185325521
LIB-MX001-D11,1575,12.4522549817794,55.7650493376375
LIB-MX006-B10,1206,12.2627937661783,55.6628177973902
LIB-MX007-D5,1408,10.4963005950164,56.2133398141599
LIB-MX005-A1,1839,10.4262121545201,57.4531352178605
LIB-MX011-E2,1402,10.1548505167651,55.9713301939006
LIB-MX005-E4,1165,9.96710277777777,57.0442166666666
LIB-MX005-H5,1118,9.55422777777777,55.6906083333333
LIB-MX004-A6,1858,10.4280537278616,57.4528485504499
LIB-MX006-H8,3297,10.4687020734248,55.2386682837695
LIB-MX006-C5,1073,12.0855343270836,55.832169321263
LIB-MX002-D9,1766,9.75973055555555,55.5639361111111
LIB-MX001-H5,3274,8.75585591394096,55.1546642049444
LIB-MX003-C6,3310,9.2863541,55.9876167997222
LIB-MX011-G10,1566,12.4527598624335,55.7645828385026
LIB-MX008_run2-A4,1838,12.5575388888888,55.7304583333333
LIB-MX005-E10,1269,9.99769972473218,57.4570858612271
LIB-MX006-E10,3353,9.75123643930854,55.4930244563963
LIB-MX011-B10,1762,10.0949792566087,55.3430717657787
LIB-MX001-D10,1660,10.5111084671279,55.0744496227274
LIB-MX005-H1,1968,9.00019910500057,56.3887266023592
LIB-MX007-D3,3139,9.53195647262862,57.0959121016904
LIB-MX002-D5,1510,9.33442387481788,56.7711348255963
LIB-MX008_run2-F7,1014,10.3675878599481,55.4072868240217
LIB-MX004-E9,3270,9.60497906162793,55.8750987781834
LIB-MX004-H2,1563,12.5494638888888,55.6887138888888
LIB-MX009-H1,1833,9.82810564073036,54.9241255641823
LIB-MX004-A8,1591,12.1805669238281,55.3446137667529
LIB-MX007-A10,1003,11.4159861111111,55.6628388888888
LIB-MX005-A3,1831,8.45919912534823,55.5215933387284
LIB-MX008_run2-A7,1159,9.42282679470079,55.7524291306471
LIB-MX008_run2-H1,1712,8.3788776397705,56.5262404840149
LIB-MX005-A12,1752,9.75758888888889,55.0463861111111
LIB-MX006-B2,3360,10.2181007031026,56.2042265400506
LIB-MX008_run2-F6,3175,8.92638937399576,56.150196385864
LIB-MX004-F6,1820,12.4142822997222,55.6462379997222
LIB-MX002-B12,3254,12.581845141202,55.6864012084257
LIB-MX006-A9,1459,10.3521737589409,55.2048994064683
LIB-MX008_run2-A5,1536,12.3407877829003,55.6606425021438
LIB-MX010-D11,3315,12.1366361111111,55.4221916666666
LIB-MX008_run2-E9,1162,9.42229697796883,55.7526323523416
LIB-MX002-G2,3078,12.1011070076766,55.6404609566213
LIB-MX007-D7,3114,9.72471111111111,55.5315083333333
LIB-MX010-E7,1120,12.3841577135539,55.8126567002071
LIB-MX009-D1,1058,12.0936677327024,55.878667406169
LIB-MX005-B2,3237,8.58972204029922,55.7197471846301
LIB-MX011-F9,1705,10.6171408868003,55.0405336000765
LIB-MX009-H4,1469,8.97639313630452,56.1465751369628
LIB-MX002-C4,1324,12.4407197406006,55.8303549657277
LIB-MX009-D2,1691,9.41358611111111,56.7990388888888
LIB-MX008_run2-H10,1328,12.4762194444444,55.7970194444444
LIB-MX007-D9,1555,11.7395509723905,55.7061443023435
LIB-MX003-H9,3092,9.3105707107654,55.3198562793671
LIB-MX002-C7,3053,9.55526781960142,54.8947605633284
LIB-MX005-D7,3213,9.37605875146868,55.7037045677996
LIB-MX001-G6,1309,9.47773029386607,55.4989149540136
LIB-MX005-F9,1303,12.3425498930222,55.9288020341324
LIB-MX008_run2-A8,3259,9.48824280465051,55.3536313685992
LIB-MX009-A4,1024,9.02794806859018,56.5603348252727
LIB-MX001-F5,1020,12.5064583333333,55.8814833333333
LIB-MX008_run2-B4,1031,9.94211504892317,57.2870833282267
LIB-MX010-F4,1630,11.3651731172334,55.5403201759317
LIB-MX003-E3,1588,12.3810718699165,55.7628061976479
LIB-MX003-F1,1948,10.0780787130692,57.4263651472233
LIB-MX002-F1,3319,12.4343587326191,55.8314295511033
LIB-MX008_run2-H9,1259,12.5533155501359,55.9892678813606
LIB-MX005-C8,3226,10.0034059841264,55.892568102111
LIB-MX009-F1,1647,12.5228111111111,55.7962638888888
LIB-MX010-H4,3203,12.0512846774377,55.1163382981922
LIB-MX007-F5,1639,8.59446448637862,56.3754512728108
LIB-MX005-F8,1640,10.1995630483125,56.120384021078
LIB-MX009-A5,3111,9.72469722222222,55.5312194444444
LIB-MX011-E6,1770,12.4890777777777,55.7435388888888
LIB-MX006-F2,3019,8.34005196573719,55.7242013422309
LIB-MX006-D7,1727,11.7920811345291,55.4468413952338
LIB-MX003-B4,3359,8.92504290790314,55.751758447624
LIB-MX011-C5,1009,10.3677074111561,55.4073415286657
LIB-MX005-D4,1804,11.8830638169381,54.7701327485872
LIB-MX009-G6,1477,11.8714341667023,55.1463463647503
LIB-MX009-A3,1586,12.3539108997207,55.7836037917143
LIB-MX008_run2-H8,3194,12.2667376793608,55.9506982068373
LIB-MX006-C11,1061,12.0872356532984,55.8320823702584
LIB-MX008_run2-A3,1649,10.1980284373336,56.1154752500103
LIB-MX007-C2,1852,14.9194555555555,55.0616999999999
LIB-MX011-F7,1606,12.0252583333333,55.5620777777777
LIB-MX004-G7,1386,12.4760555555555,55.9040055555555
LIB-MX004-E10,1785,10.0586780194018,56.8172663274086
LIB-MX007-C6,3316,8.74801300562241,55.4053068505966
LIB-MX011-E11,1088,9.40280272569603,55.6560956975972
LIB-MX009-D9,1106,12.4896638888888,55.9373027777777
LIB-MX007-H9,1229,11.9163764327581,55.0175046212206
LIB-MX010-D5,1911,14.7132555555555,55.1234944444444
LIB-MX009-C7,1420,12.6210138652702,55.6244384141046
LIB-MX010-G6,1521,8.80293983010205,55.4758228698488
LIB-MX011-B7,1461,11.1503508614569,54.8416495813291
LIB-MX005-F11,3058,8.53528611111111,56.5126888888888
LIB-MX011-H9,1743,10.095295400132,55.3426086061283
LIB-MX008_run2-B6,1043,8.79768684249363,56.2649341294594
LIB-MX005-A4,1523,9.31132912442827,55.0277286874125
LIB-MX004-G6,1811,12.4118026859988,55.6453126119311
LIB-MX009-H10,3141,9.52186966799248,57.1016557451248
LIB-MX005-B5,1942,9.85631388888888,56.8330944444444
LIB-MX005-G10,3161,12.4306884500897,55.8263958147006
LIB-MX004-E1,1074,10.026025,57.1088972222222
LIB-MX002-C2,3205,12.0756264232346,55.127265260962
LIB-MX010-B11,3263,9.66974166666666,56.3644027777777
LIB-MX009-D7,1915,12.5883682350452,55.6977972518951
LIB-MX005-F2,1298,12.5790629869275,55.7478686290304
LIB-MX005-D11,3334,12.4868555555555,55.6414527777777
LIB-MX006-G7,1112,8.36860776082744,55.9632193718257
LIB-MX009-E4,3356,9.93145833333333,56.4339861111111
LIB-MX008_run2-E2,1929,12.1712196349749,55.7883088745034
LIB-MX009-C8,3220,12.4562083333333,55.6322416666666
LIB-MX007-C4,3190,12.2670350450063,55.9506951852077
LIB-MX010-A7,1541,12.4801755289414,55.7226261269319
LIB-MX009-A6,1048,8.7990957623164,56.26434146494
LIB-MX010-F9,3202,12.0498157329991,55.1165577445616
LIB-MX003-F2,1995,9.65622777777777,56.3814
LIB-MX008_run2-G5,1416,12.3593,55.8799583333333
LIB-MX004-D8,3320,12.4146388888888,55.8419
LIB-MX007-A2,1215,10.3444777777777,55.3705944444444
LIB-MX003-C9,3364,12.3057694444444,56.11565
LIB-MX009-B11,1364,10.310107056839,56.2714617191324
LIB-MX005-E8,1781,9.76046111111111,55.0480777777777
LIB-MX007-A5,1097,12.4904277777777,55.9369805555555
LIB-MX010-H6,1840,15.0823854077203,55.0013351725032
LIB-MX009-G8,1246,12.5534424237126,55.9900344881805
LIB-MX007-B6,3195,11.6244555810888,55.7074103126526
LIB-MX005-B8,1208,12.5316194444444,55.8141638888888
LIB-MX002-D8,3029,9.89513591504217,54.8680967599478
LIB-MX008_run2-C2,1628,8.59189588733932,56.3766355835478
LIB-MX006-F7,1806,12.5579861111111,55.7299055555555
LIB-MX006-A1,1230,12.4429777777777,55.7487416666666
LIB-MX006-G3,3146,11.7078583333333,55.7106527777777
LIB-MX010-C8,1664,11.795659338101,55.2891778656604
LIB-MX007-E4,1479,12.3454888888888,55.9029916666666
LIB-MX010-F5,1454,11.9674656471399,55.9934572224943
LIB-MX008_run2-B1,1602,12.3527733757706,55.7858033271588
LIB-MX007-F8,1798,9.03769186197272,56.5812233897551
LIB-MX002-G9,1709,12.3506418489137,55.65578092576
LIB-MX003-B8,1624,9.53457957497979,55.7006796725389
LIB-MX004-E7,1456,12.2812012389971,54.9955114441516
LIB-MX010-F2,1127,9.85713125001796,55.836934667614
LIB-MX003-E10,1686,10.3978111111111,55.3727083333333
LIB-MX008_run2-C12,1431,12.6193611111111,55.62485
LIB-MX011-C6,1717,8.99921388888888,56.4554444444444
LIB-MX004-G10,1760,9.70575012098295,56.8513121409417
LIB-MX003-E2,1114,10.2109080950787,56.0422357777386
LIB-MX005-B7,1404,15.123087859617,55.0672569227434
LIB-MX010-F11,1300,9.54022897281245,56.0787032147114
LIB-MX004-F11,3378,12.2905048763061,55.5914971715569
LIB-MX008_run2-D3,3335,9.46578091343717,55.0904190609942
LIB-MX004-C2,1076,10.0239495128629,57.1078539242924
LIB-MX011-E9,3229,9.14640411184459,55.4811864485051
LIB-MX009-B5,1383,12.4747155338025,55.9028251638228
LIB-MX006-B12,1086,10.1329949085423,55.3890952065246
LIB-MX004-G8,1121,10.1945876788335,56.0323784203845
LIB-MX010-F8,1275,9.54463888888888,56.0825805555555
LIB-MX009-B10,1551,11.7392889601364,55.7057904537912
LIB-MX007-G1,1188,10.3462916666666,55.3699111111111
LIB-MX009-A11,1609,11.3746652310272,55.5396093164095
LIB-MX001-D8,1576,12.4313637403204,55.8427953907996
LIB-MX001-E4,1623,12.5937746711242,55.619874526706
LIB-MX001-H9,1988,12.3646799919976,55.6195566988746
LIB-MX004-D9,3163,10.6198498487472,55.0401698790017
LIB-MX008_run2-B9,1023,14.9805277777777,55.1601027777777
LIB-MX002-D3,1113,12.3901662242062,55.8153627061383
LIB-MX008_run2-G9,1409,10.4885924997222,56.2112547997222
LIB-MX005-H3,3006,12.359203336813,55.6527194113274
LIB-MX005-E6,1340,12.5135715852615,55.7089818608077
LIB-MX010-B6,1905,14.7184124235396,55.1248519513139
LIB-MX009-A9,1002,11.4069166666666,55.6719333333333
LIB-MX007-F11,1211,11.9181980657665,55.0157534432002
LIB-MX005-A8,3251,8.80761666666666,56.0745083333333
LIB-MX001-B7,3068,11.8830777777777,54.8945694444444
LIB-MX005-B3,3291,9.6442657,56.9793719997222
LIB-MX010-C11,3083,12.4022752678937,55.8184379237214
LIB-MX008_run2-H5,1096,12.4900972222222,55.9369861111111
LIB-MX010-G10,1372,12.4740645547386,55.9019607466144
LIB-MX003-D9,3091,8.912397323705,55.5010776033711
LIB-MX001-E10,1568,12.4473382793382,55.7692740697364
LIB-MX006-C4,1688,10.3992462158203,55.3725267365894
LIB-MX003-G1,3044,11.2666194444444,55.3616777777777
LIB-MX001-B11,1797,12.0694027777777,54.9234888888888
LIB-MX011-D11,3144,10.63278515,55.0361369690921
LIB-MX008_run2-A12,3138,12.4936883153415,55.6833066903252
LIB-MX001-G3,1398,11.2083271997222,55.6196096997222
LIB-MX006-B3,3272,9.59431232572874,55.7260232162105
LIB-MX005-G2,1836,9.32521290069677,55.7683013919125
LIB-MX001-F1,1681,8.73496111111111,56.8674722222222
LIB-MX001-E7,1670,9.97009375669401,55.4903100383585
LIB-MX007-A11,1592,11.9640361111111,55.3146666666666
LIB-MX001-B8,1759,12.5233398943066,55.6560443304836
LIB-MX009-G5,1084,9.98192800781251,57.1435458060627
LIB-MX006-E7,3384,12.3245808911758,55.6689288780891
LIB-MX005-E9,1195,10.3444361111111,55.3698416666666
LIB-MX011-H8,1697,10.1973050751707,56.1859471758563
LIB-MX006-F5,1241,12.4668908680566,55.746112922315
LIB-MX008_run2-C6,1480,11.8652920447618,55.1473679579798
LIB-MX002-G1,1733,9.78655019515339,56.3868338098124
LIB-MX009-H7,1632,8.591704460713,56.3767624810969
LIB-MX007-B4,1913,10.4269330257981,55.3791875462286
LIB-MX003-H10,3074,9.89992222222222,56.4024277777777
LIB-MX011-E7,1108,9.91929278042601,55.2613876593586
LIB-MX002-B2,1874,10.6622085976349,55.3610833794451
LIB-MX005-G11,1435,12.6016362585931,55.6381258501744
LIB-MX009-C9,1271,9.99944722222222,57.4567083333333
LIB-MX003-G7,1767,9.41879314418959,56.5542170500305
LIB-MX008_run2-B7,1415,10.4893638309029,56.2090860865031
LIB-MX007-F1,1305,12.3403799483286,55.9278652696456
LIB-MX008_run2-D1,1946,12.5575636977513,55.6926773094559
LIB-MX008_run2-C5,3017,12.5883525641828,55.6593469817185
LIB-MX010-E8,1147,14.8076172043957,55.2683877753848
LIB-MX004-C6,1871,11.1895166666666,55.5223888888888
LIB-MX011-B5,3148,12.2054589279373,55.6417589272747
LIB-MX002-E6,3393,11.5715940621694,55.4366157623448
LIB-MX011-B11,3242,8.80289941553092,54.9430086133163
LIB-MX008_run2-G6,1737,8.37833050495085,56.5261645867105
LIB-MX010-H2,1815,9.84367794085954,55.7589397694873
LIB-MX002-C8,3280,9.67097568180686,57.2093144464838
LIB-MX005-E2,1513,9.30153018838629,55.022153227091
LIB-MX009-E5,1045,9.83440559459898,56.8918009548817
LIB-MX001-H4,1619,11.1167327260318,54.8445034024884
LIB-MX010-C5,1567,8.86044682289149,54.9378120722727
LIB-MX006-G5,3155,12.4401472222222,55.8412333333333
LIB-MX004-B9,1022,14.9699036213813,55.1647968411427
LIB-MX003-H3,3328,8.917167321996,55.4994349198093
LIB-MX005-A2,1782,12.37935,55.7460416666666
LIB-MX009-H3,1417,12.6211492562414,55.6244784868071
LIB-MX011-E5,1395,10.1555106464245,55.9706671053906
LIB-MX008_run2-F11,1919,12.5744638888888,55.6987305555555
LIB-MX010-A9,1217,12.1817419094147,55.4286810556683
LIB-MX010-G9,3145,12.2061128611111,55.6416587777777
LIB-MX008_run2-A10,1173,9.42307832789355,55.7534784891066
LIB-MX011-B2,1110,9.91783611111111,57.0243388888888
LIB-MX011-H6,1823,11.13219625779,54.8334111090969
LIB-MX005-G5,1148,9.85781384180645,55.8367482456992
LIB-MX011-D1,1721,11.1569388888888,55.6926222222222
LIB-MX007-E2,3131,10.7304222222222,54.9308361111111
LIB-MX008_run2-G2,1378,12.2636736661353,55.9521315768713
LIB-MX011-A7,1446,9.593175116791,55.7216196300633
LIB-MX008_run2-D5,3137,8.92672372479649,56.1518662969077
LIB-MX001-G4,1926,9.72876579972222,55.0097428997222
LIB-MX005-C5,3095,9.28461384542156,55.9836703510614
LIB-MX009-G2,3206,10.0207450083234,57.5145115309682
LIB-MX004-E8,1819,12.0978079671437,55.6477979496381
LIB-MX007-G6,3168,10.3101702626888,56.2719426477919
LIB-MX001-B6,1327,12.4831249118115,55.8024579605822
LIB-MX004-A9,3090,12.2552862209248,55.5623060644513
LIB-MX007-B3,3204,11.9161094724429,55.0170444040537
LIB-MX008_run2-E1,3306,8.99927693931496,56.1328664517728
LIB-MX001-G8,1531,12.4741833333333,55.7061805555555
LIB-MX008_run2-B8,1629,8.59180822585225,56.3766713664717
LIB-MX004-C12,1514,9.31118494194208,55.7031368759491
LIB-MX007-A9,3248,11.6832379237757,55.7094335767535
LIB-MX001-B10,1329,12.4692222222222,55.7929333333333
LIB-MX004-C8,1866,11.1924361111111,55.5219694444444
LIB-MX003-H8,1540,9.64109110712685,56.3962689108842
LIB-MX001-F8,1889,10.660177070359,55.3612615777746
LIB-MX010-H10,1471,11.9683060487699,55.9950764292327
LIB-MX005-H6,1341,12.5137679079079,55.7093265387499
LIB-MX007-D8,3174,12.5083362419851,55.6815039128579
LIB-MX011-A10,1276,12.5526936480732,55.6843477405887
LIB-MX011-A11,3344,10.2731311409438,56.2427519756634
LIB-MX003-H4,1902,12.197372472049,55.7764373475788
LIB-MX007-E11,1379,12.2674725977162,55.9521469841403
LIB-MX003-C8,3355,12.3051472222222,56.1156055555555
LIB-MX010-C7,1546,12.479802694646,55.7238569022659
LIB-MX008_run2-B5,3081,9.00121985292496,56.1277803786322
LIB-MX008_run2-D7,3313,9.00236070694861,56.1324876602242
LIB-MX009-C1,3050,9.66976898228188,56.3637844814339
LIB-MX009-G7,1232,11.9183599215694,55.0158024198004
LIB-MX007-E9,3152,9.51365137408576,57.0965412204488
LIB-MX002-F7,3232,9.69416665562925,56.3803392917129
LIB-MX011-G7,1956,12.5767374742683,55.7023090131278
LIB-MX010-H5,1651,11.7739940795597,55.2192981758099
LIB-MX007-H11,1614,12.3519245282951,55.7821201225378
LIB-MX006-E8,3159,12.4136805555555,55.8362166666666
LIB-MX004-H5,1098,12.5813277777777,55.7118527777777
LIB-MX005-H10,1021,12.4650645690332,55.6236649911786
LIB-MX004-B8,1092,12.5816141392072,55.7104028507401
LIB-MX009-H5,3040,12.499730664094,55.7340370680517
LIB-MX001-B12,1669,14.7258274177874,55.1078618331895
LIB-MX002-C6,1856,11.7591666666666,55.3870083333333
LIB-MX002-E1,1728,12.5063722222222,55.7750055555555
LIB-MX001-H11,1813,12.0706388888888,54.9253972222222
LIB-MX008_run2-H11,1998,12.5205361111111,55.6943361111111
LIB-MX001-D7,1862,10.6766264224185,55.3598575486974
LIB-MX010-D8,1562,8.86010715861175,54.9371568096293
LIB-MX004-D1,1338,12.5162587406371,55.7129713327738
LIB-MX004-E11,1716,12.5605333333333,55.8506555555555
LIB-MX010-G3,3323,11.7839777777777,55.4395611111111
LIB-MX005-F5,1501,10.2285027777777,56.1130972222222
LIB-MX007-G5,3169,11.618835,55.709701
LIB-MX010-D1,3170,11.6277777777777,55.7152138888888
LIB-MX005-D8,1512,10.1678201520187,56.1257475404928
LIB-MX004-C4,3024,8.40480277777777,56.8121611111111
LIB-MX003-E11,1253,12.5092518220618,55.6799493711676
LIB-MX011-A9,1270,9.98929722222222,57.4540138888888
LIB-MX008_run2-G3,1001,9.90617222222222,57.0416361111111
LIB-MX009-G3,1377,12.281440505637,55.9553596331036
LIB-MX006-B11,1308,12.339678466577,55.9290986202602
LIB-MX001-F9,1941,10.7832408083118,55.3140215111709
LIB-MX005-F6,1826,10.0163107088297,57.2798383959973
LIB-MX001-C12,1986,10.4454348200083,57.4149276270222
LIB-MX011-A6,1464,12.1020110233688,55.6590727600522
LIB-MX007-B1,3341,12.4383006269836,55.7405096426419
LIB-MX011-B6,1081,9.89795,55.2660944444444
LIB-MX008_run2-D9,1005,9.83022222222222,56.8813972222222
LIB-MX004-H3,1824,12.0950703976177,55.6482828416988
LIB-MX009-C2,3322,10.611522132937,55.0647373110864
LIB-MX005-E7,1484,12.6728049471141,55.5572517499078
LIB-MX011-F11,1234,12.3598403975258,55.7193308612851
LIB-MX003-G6,3086,9.89878142760599,54.9217262410608
LIB-MX008_run2-F2,1008,11.4143251007882,55.6638255063265
LIB-MX009-H11,3269,12.3350583333333,55.7266527777777
LIB-MX002-G3,1973,9.77569563886644,56.4512170481443
LIB-MX006-E5,1605,12.3434527777777,55.5954388888888
LIB-MX009-H2,1645,11.3751132681444,55.5381882580715
LIB-MX010-H11,1301,9.54155942724956,56.0784907374619
LIB-MX008_run2-E3,1520,10.5073131457188,54.8501054669017
LIB-MX006-C9,3088,10.1990211772495,56.1956628431971
LIB-MX006-H3,1960,9.76680270449954,55.8940309988553
LIB-MX002-D2,1693,10.3292918587971,55.3311006480339
LIB-MX006-F11,1607,10.2025321298549,56.1381435526121
LIB-MX001-G2,1802,12.0969972222222,55.3113777777777
LIB-MX005-A11,1599,10.2022839999999,56.1380322997222
LIB-MX003-D4,3210,9.52141786566497,55.5081029587219
LIB-MX007-C9,3298,12.5089547876366,55.9590081086592
LIB-MX006-C2,1070,9.45458417399348,56.1452669316101
LIB-MX009-A12,1775,10.1061555555555,56.3313777777777
LIB-MX006-B1,1955,9.6054906279187,56.9621901708309
LIB-MX006-F8,1090,8.36708577011363,55.9634252529733
LIB-MX003-C4,3327,9.31120584854549,55.3183280678985
LIB-MX005-B4,1800,11.8828877797656,54.7703761511502
LIB-MX003-A7,1945,10.0199272444248,56.4932562871909
LIB-MX011-B9,1243,12.3588723463314,55.7115488982374
LIB-MX011-B8,3230,8.17861746629727,56.6175988202595
LIB-MX008_run2-C8,1465,12.3432663181241,55.9006963471045
LIB-MX002-F9,1799,9.57385277777777,56.1909916666666
LIB-MX009-G11,1754,8.63563333333333,56.3309166666666
LIB-MX006-B6,1307,12.5796777777777,55.7479388888888
LIB-MX006-C12,3132,10.7345888888888,54.9309472222222
LIB-MX005-F4,1903,8.88046944444444,54.9393222222222
LIB-MX001-B9,1690,9.94969549927815,57.0292180083684
LIB-MX002-B7,1284,10.618782017795,55.0385720149648
LIB-MX007-C5,3186,11.627756550259,55.7152301920616
LIB-MX011-G3,1370,12.4742789396993,55.9015948268923
LIB-MX005-A7,1608,9.53394070400203,55.6995099259448
LIB-MX006-H2,3052,9.59423007110067,55.7259909925737
LIB-MX005-B9,1830,12.2950856608137,55.64153497227
LIB-MX006-E3,1071,12.0848046235558,55.8317007893396
LIB-MX005-H11,1387,12.4761368502804,55.9037611874546
LIB-MX004-C9,3069,9.76861613868411,56.6567186312727
LIB-MX011-C11,1671,9.50874945357529,55.4722136407566
LIB-MX006-C7,1714,9.20189871093751,55.759427000158
LIB-MX010-C4,1904,10.4268528214333,55.3786971355337
LIB-MX005-G1,3046,11.3659240658063,55.4207171928037
LIB-MX001-A11,1951,10.4014222222222,55.3979833333333
LIB-MX005-A6,1261,11.7072361111111,55.7106861111111
LIB-MX006-F6,1626,12.5322692390482,55.7823583854755
LIB-MX002-C12,1414,12.3552542884955,55.880347370748
LIB-MX006-G10,1056,12.0851887438336,55.8320190078978
LIB-MX005-F1,1777,9.41671236730468,56.5574354076936
LIB-MX003-D6,1978,12.1548824632529,55.9126240233208
LIB-MX004-A4,1643,8.9910277516026,56.1058192306133
LIB-MX008_run2-H2,3217,9.85510251100897,55.3699336705885
LIB-MX005-A9,3057,8.53648370420665,56.5125825531345
LIB-MX010-A5,1218,12.1797694444444,55.4280083333333
LIB-MX008_run2-C1,1653,9.90624058632001,57.0552644559281
LIB-MX010-G7,3292,12.3998961084919,55.7061379096747
LIB-MX006-D1,3301,10.5099465010178,57.4364377745568
LIB-MX003-C1,1450,12.1045805555555,55.6604527777777
LIB-MX009-H9,1473,11.8709502428656,55.1477065382075
LIB-MX008_run2-E8,1017,9.82841081812115,56.8819643483575
LIB-MX011-D5,1963,9.33439538888889,56.5033035277777
LIB-MX005-G8,1251,12.5314389895094,55.8234240515568
LIB-MX002-B3,3228,10.283469306181,54.9216289036055
LIB-MX005-E11,1194,10.344625,55.3695222222222
LIB-MX008_run2-C4,1943,12.335053837891,55.6048270285178
LIB-MX005-B10,3346,12.4380318767855,55.7396943711517
LIB-MX009-B3,3119,10.0338194444444,56.5385638888888
LIB-MX003-D1,1319,12.4394158789364,55.8322150227275
LIB-MX010-A11,1432,12.3997132841331,55.6949860653972
LIB-MX001-D6,3089,12.0348710503159,55.5694891668717
LIB-MX002-C5,1153,12.4046319626598,55.9846772656715
LIB-MX006-C6,1072,9.51500906250001,56.1466439562692
LIB-MX005-G3,1783,10.0596008551757,56.8196242544043
LIB-MX006-H1,1952,11.4546833333333,55.7869027777777
LIB-MX011-H7,1732,8.71473560933501,56.8316933970901
LIB-MX007-H2,1256,8.92462777777777,56.1510555555555
LIB-MX003-D7,1550,9.02881865459718,56.1501307092526
LIB-MX002-E5,3009,10.4630119043165,55.2412926958509
LIB-MX010-F1,1887,9.4260592895641,56.2844819882157
LIB-MX011-D10,1079,9.40076668903301,55.656277875993
LIB-MX006-B7,3063,9.53280830698947,55.402430250751
LIB-MX007-E8,1741,12.5952061055727,55.78692522659
LIB-MX001-H1,1489,12.0169138888888,55.0397222222222
LIB-MX002-G8,1310,9.47775792757659,55.4994820580777
LIB-MX011-A5,1371,12.4742967937982,55.9017731856162
LIB-MX001-C6,3240,9.70493559847192,56.8510035862227
LIB-MX004-F5,1679,9.51773120147964,56.8641565696669
LIB-MX004-B6,1577,12.5512445461843,55.6881425516913
LIB-MX004-C1,1726,10.3904390446175,55.4389178249515
LIB-MX002-G6,1436,,
LIB-MX006-F4,1543,12.4795862472351,55.6253716386175
LIB-MX007-A7,1231,11.9171256139891,55.0162535809014
LIB-MX007-E6,1922,12.1836361111111,55.6466305555555
LIB-MX008_run2-G7,3181,8.92827222222222,56.15065
LIB-MX010-E9,1982,9.79327777777777,55.027625
LIB-MX003-D3,3045,12.4926602732384,55.8912030810643
LIB-MX001-C11,1401,9.86822091658856,54.9911200921254
LIB-MX009-E3,1334,12.4715222222222,55.8030194444444
LIB-MX005-G9,3290,10.5091444444444,57.4360444444444
LIB-MX011-G2,1532,12.5830583333333,55.6703638888888
LIB-MX003-B11,1508,12.5669527777777,55.6993777777777
LIB-MX009-D5,1747,10.5408628777245,55.1936121434881
LIB-MX002-D1,1667,11.5091817991382,55.8154004488321
LIB-MX010-D7,3307,10.1828782880463,56.1866464060726
LIB-MX001-E3,1795,9.87292222222222,56.8330888888888
LIB-MX010-A12,3288,12.2166991548824,55.5435347124216
LIB-MX004-G2,1740,9.78452443249398,56.3853776205913
LIB-MX001-F2,1616,12.4879524823963,55.6401296122
LIB-MX005-C1,1065,12.3088545964803,55.7427156993598
LIB-MX009-A8,1350,10.3059663079686,56.2720835864742
LIB-MX003-E7,3308,10.4921076401061,56.3858146953366
LIB-MX005-C7,1909,8.88051657348376,54.9399084058207
LIB-MX002-B8,1865,8.70125,55.4692611111111
LIB-MX009-C5,3167,10.3035350722718,56.2730710412935
LIB-MX004-G9,1504,12.3234805555555,55.5911472222222
LIB-MX004-H8,3026,11.9523299829415,55.3172383984458
LIB-MX003-A3,3357,8.92345522222222,55.7539825277777
LIB-MX003-D8,1980,12.5369979164859,55.6784836471139
LIB-MX005-A10,1779,11.8677861111111,55.1774777777777
LIB-MX001-G5,1761,9.06403690513297,55.1880188709724
LIB-MX010-A3,1115,12.4903249999999,55.9371138888888
LIB-MX010-B10,1116,9.88210599498286,57.0208583455133
LIB-MX004-B1,1388,12.4765888888888,55.9039638888888
LIB-MX007-F2,3255,9.77457062207227,55.5394674073408
LIB-MX009-D6,1511,9.31000310679278,55.6999377620866
MFD00001,,,
MFD00002,,,
MFD00003,,,
MFD00004,,,
MFD00005,,,
MFD00006,,,
MFD00008,,,
MFD00013,,,
MFD00017,,,
MFD00019,,,
MFD00022,,,
MFD00024,,,
MFD00025,,,
MFD00027,,,
MFD00028,,,
MFD00030,,,
MFD00031,,,
MFD00039,,,
MFD00042,,,
MFD00045,,,
MFD00049,,,
MFD00053,,,
MFD00055,,,
MFD00056,,,
MFD00057,,,
MFD00058,,,
MFD00059,,,
MFD00060,,,
MFD00063,,,
MFD00065,,,
MFD00066,,,
MFD00068,,,
MFD00069,,,
MFD00070,,,
MFD00071,,,
MFD00072,,,
MFD00074,,,
MFD00075,,,
MFD00076,,,
MFD00079,,,
MFD00080,,,
MFD00084,,,
MFD00090,,,
MFD00102,,,
MFD00107,,,
MFD00110,,,
MFD00117,,,
MFD00118,,,
MFD00119,,,
MFD00121,,,
MFD00124,,,
MFD00125,,,
MFD00126,,,
MFD00130,,,
MFD00142,,,
MFD00145,,,
MFD00147,,,
MFD00160,,,
MFD00162,,,
MFD00251,,,
MFD00263,,,
MFD00265,,,
MFD00266,,,
MFD00267,,,
MFD00268,,,
MFD00281,,,
MFD00284,,,
MFD00285,,,
MFD00289,,,
MFD00291,,,
MFD00292,,,
MFD00293,,,
MFD00294,,,
MFD00296,,,
MFD00301,,,
MFD00314,,,
MFD00317,,,
MFD00318,,,
MFD00324,,,
MFD00325,,,
MFD00326,,,
MFD00327,,,
MFD00334,,,
MFD00336,,,
MFD00342,,,
MFD00346,,,
MFD00347,,,
MFD00349,,,
MFD00351,,,
MFD00359,,,
MFD00362,,,
MFD00373,,,
MFD00374,,,
MFD00407,,,
MFD00408,,,
MFD00416,,,
MFD00418,,,
MFD00420,,,
MFD00421,,,
MFD00423,,,
MFD00428,,,
MFD00433,,,
MFD00437,,,
MFD00440,,,
MFD00444,,,
MFD00445,,,
MFD00447,,,
MFD00455,,,
MFD00478,,,
MFD00480,,,
MFD00489,,,
MFD00491,,,
MFD00494,,,
MFD00497,,,
MFD00503,,,
MFD00505,,,
MFD00507,,,
MFD00514,,,
MFD00517,,,
MFD00518,,,
MFD00524,,,
MFD00525,,,
MFD00531,,,
MFD00532,,,
MFD00533,,,
MFD00534,,,
MFD00538,,,
MFD00547,,,
MFD00582,,,
MFD00584,,,
MFD00587,,,
MFD00588,,,
MFD00594,,,
MFD00600,,,
MFD00603,,,
MFD00605,,,
MFD00608,,,
MFD00609,,,
MFD00611,,,
MFD00614,,,
MFD00619,,,
MFD00621,,,
MFD00622,,,
MFD00623,,,
MFD00629,,,
MFD00630,,,
MFD00632,,,
MFD00635,,,
MFD00639,,,
MFD00641,,,
MFD00652,,,
MFD00653,,,
MFD00656,,,
MFD00660,,,
MFD00665,,,
MFD00671,,,
MFD00672,,,
MFD00680,,,
MFD00681,,,
MFD00689,,,
MFD00691,,,
MFD00693,,,
MFD00695,,,
MFD00700,,,
MFD00703,,,
MFD00704,,,
MFD00711,,,
MFD00712,,,
MFD00715,,,
MFD00719,,,
MFD00721,,,
MFD00722,,,
MFD00729,,,
MFD00733,,,
MFD00734,,,
MFD00736,,,
MFD00737,,,
MFD00738,,,
MFD00739,,,
MFD00746,,,
MFD00748,,,
MFD00750,,,
MFD00757,,,
MFD00767,,,
MFD00770,,,
MFD00855,,,
MFD00871,,,
MFD00876,,,
MFD00877,,,
MFD00879,,,
MFD00881,,,
MFD00882,,,
MFD00883,,,
MFD00888,,,
MFD00889,,,
MFD00890,,,
MFD00893,,,
MFD00900,,,
MFD00903,,,
MFD00915,,,
MFD00923,,,
MFD00934,,,
MFD00940,,,
MFD00942,,,
MFD00944,,,
MFD00945,,,
MFD00950,,,
MFD00956,,,
MFD00958,,,
MFD00959,,,
MFD00972,,,
MFD00981,,,
MFD00986,,,
MFD00987,,,
MFD00997,,,
MFD01006,,,
MFD01008,,,
MFD01014,,,
MFD01017,,,
MFD01020,,,
MFD01024,,,
MFD01026,,,
MFD01027,,,
MFD01034,,,
MFD01038,,,
MFD01061,,,
MFD01068,,,
MFD01072,,,
MFD01081,,,
MFD01088,,,
MFD01093,,,
MFD01094,,,
MFD01107,,,
MFD01108,,,
MFD01115,,,
MFD01116,,,
MFD01118,,,
MFD01120,,,
MFD01121,,,
MFD01132,,,
MFD01134,,,
MFD01136,,,
MFD01138,,,
MFD01140,,,
MFD01145,,,
MFD01148,,,
MFD01149,,,
MFD01153,,,
MFD01154,,,
MFD01171,,,
MFD01174,,,
MFD01175,,,
MFD01179,,,
MFD01184,,,
MFD01186,,,
MFD01189,,,
MFD01192,,,
MFD01194,,,
MFD01196,,,
MFD01199,,,
MFD01201,,,
MFD01209,,,
MFD01212,,,
MFD01214,,,
MFD01217,,,
MFD01234,,,
MFD01235,,,
MFD01239,,,
MFD01242,,,
MFD01249,,,
MFD01251,,,
MFD01252,,,
MFD01257,,,
MFD01258,,,
MFD01263,,,
MFD01268,,,
MFD01271,,,
MFD01274,,,
MFD01278,,,
MFD01280,,,
MFD01281,,,
MFD01284,,,
MFD01289,,,
MFD01293,,,
MFD01307,,,
MFD01308,,,
MFD01310,,,
MFD01313,,,
MFD01317,,,
MFD01320,,,
MFD01327,,,
MFD01330,,,
MFD01336,,,
MFD01339,,,
MFD01340,,,
MFD01346,,,
MFD01348,,,
MFD01349,,,
MFD01350,,,
MFD01353,,,
MFD01354,,,
MFD01357,,,
MFD01359,,,
MFD01363,,,
MFD01372,,,
MFD01374,,,
MFD01375,,,
MFD01382,,,
MFD01384,,,
MFD01391,,,
MFD01393,,,
MFD01394,,,
MFD01397,,,
MFD01398,,,
MFD01401,,,
MFD01403,,,
MFD01405,,,
MFD01408,,,
MFD01412,,,
MFD01414,,,
MFD01418,,,
MFD01422,,,
MFD01426,,,
MFD01427,,,
MFD01431,,,
MFD01432,,,
MFD01435,,,
MFD01436,,,
MFD01438,,,
MFD01449,,,
MFD01450,,,
MFD01456,,,
MFD01457,,,
MFD01460,,,
MFD01461,,,
MFD01468,,,
MFD01469,,,
MFD01472,,,
MFD01473,,,
MFD01477,,,
MFD01478,,,
MFD01480,,,
MFD01483,,,
MFD01491,,,
MFD01497,,,
MFD01504,,,
MFD01505,,,
MFD01506,,,
MFD01514,,,
MFD01515,,,
MFD01518,,,
MFD01519,,,
MFD01520,,,
MFD01521,,,
MFD01527,,,
MFD01530,,,
MFD01531,,,
MFD01533,,,
MFD01535,,,
MFD01538,,,
MFD01539,,,
MFD01540,,,
MFD01541,,,
MFD01544,,,
MFD01550,,,
MFD01552,,,
MFD01566,,,
MFD01573,,,
MFD01575,,,
MFD01579,,,
MFD01582,,,
MFD01584,,,
MFD01585,,,
MFD01590,,,
MFD01599,,,
MFD01600,,,
MFD01606,,,
MFD01607,,,
MFD01630,,,
MFD01650,,,
MFD01655,,,
MFD01662,,,
MFD01679,,,
MFD01691,,,
MFD01695,,,
MFD01699,,,
MFD01701,,,
MFD01702,,,
MFD01704,,,
MFD01729,,,
MFD01735,,,
MFD01738,,,
MFD01740,,,
MFD01741,,,
MFD01746,,,
MFD01749,,,
MFD01751,,,
MFD01753,,,
MFD01761,,,
MFD01764,,,
MFD01766,,,
MFD01767,,,
MFD01768,,,
MFD01771,,,
MFD01773,,,
MFD01775,,,
MFD01776,,,
MFD01784,,,
MFD01790,,,
MFD01801,,,
MFD01803,,,
MFD01822,,,
MFD01823,,,
MFD01824,,,
MFD01829,,,
MFD01849,,,
MFD01852,,,
MFD01855,,,
MFD01859,,,
MFD01862,,,
MFD01876,,,
MFD01881,,,
MFD01884,,,
MFD01892,,,
MFD01894,,,
MFD01898,,,
MFD01904,,,
MFD01905,,,
MFD01911,,,
MFD01912,,,
MFD01915,,,
MFD01922,,,
MFD01930,,,
MFD01938,,,
MFD01942,,,
MFD01949,,,
MFD02024,,,
MFD02057,,,
MFD02126,,,
MFD02127,,,
MFD02128,,,
MFD02133,,,
MFD02136,,,
MFD02139,,,
MFD02142,,,
MFD02144,,,
MFD02147,,,
MFD02154,,,
MFD02155,,,
MFD02157,,,
MFD02158,,,
MFD02166,,,
MFD02169,,,
MFD02171,,,
MFD02172,,,
MFD02180,,,
MFD02182,,,
MFD02183,,,
MFD02184,,,
MFD02192,,,
MFD02194,,,
MFD02203,,,
MFD02207,,,
MFD02210,,,
MFD02214,,,
MFD02219,,,
MFD02221,,,
MFD02223,,,
MFD02224,,,
MFD02227,,,
MFD02228,,,
MFD02230,,,
MFD02233,,,
MFD02235,,,
MFD02236,,,
MFD02240,,,
MFD02242,,,
MFD02250,,,
MFD02251,,,
MFD02256,,,
MFD02262,,,
MFD02263,,,
MFD02264,,,
MFD02265,,,
MFD02267,,,
MFD02276,,,
MFD02277,,,
MFD02283,,,
MFD02290,,,
MFD02294,,,
MFD02296,,,
MFD02299,,,
MFD02301,,,
MFD02306,,,
MFD02309,,,
MFD02311,,,
MFD02315,,,
MFD02319,,,
MFD02329,,,
MFD02336,,,
MFD02338,,,
MFD02348,,,
MFD02364,,,
MFD02372,,,
MFD02376,,,
MFD02379,,,
MFD02384,,,
MFD02386,,,
MFD02390,,,
MFD02396,,,
MFD02402,,,
MFD02403,,,
MFD02424,,,
MFD02436,,,
MFD02442,,,
MFD02454,,,
MFD02463,,,
MFD02466,,,
MFD02469,,,
MFD02471,,,
MFD02472,,,
MFD02476,,,
MFD02479,,,
MFD02481,,,
MFD02488,,,
MFD02492,,,
MFD02496,,,
MFD02499,,,
MFD02500,,,
MFD02508,,,
MFD02516,,,
MFD02519,,,
MFD02524,,,
MFD02526,,,
MFD02539,,,
MFD02540,,,
MFD02543,,,
MFD02544,,,
MFD02548,,,
MFD02558,,,
MFD02559,,,
MFD02561,,,
MFD02564,,,
MFD02565,,,
MFD02577,,,
MFD02588,,,
MFD02589,,,
MFD02593,,,
MFD02597,,,
MFD02678,,,
MFD02684,,,
MFD02686,,,
MFD02688,,,
MFD02690,,,
MFD02693,,,
MFD02700,,,
MFD02704,,,
MFD02705,,,
MFD02706,,,
MFD02707,,,
MFD02708,,,
MFD02710,,,
MFD02716,,,
MFD02717,,,
MFD02720,,,
MFD02721,,,
MFD02722,,,
MFD02723,,,
MFD02732,,,
MFD02734,,,
MFD02738,,,
MFD02741,,,
MFD02750,,,
MFD02758,,,
MFD02759,,,
MFD02760,,,
MFD02767,,,
MFD02773,,,
MFD02779,,,
MFD02780,,,
MFD02785,,,
MFD02786,,,
MFD02789,,,
MFD02791,,,
MFD02799,,,
MFD02801,,,
MFD02807,,,
MFD02810,,,
MFD02814,,,
MFD02819,,,
MFD02825,,,
MFD02830,,,
MFD02850,,,
MFD02875,,,
MFD02876,,,
MFD02879,,,
MFD02881,,,
MFD02890,,,
MFD02891,,,
MFD02894,,,
MFD02895,,,
MFD02903,,,
MFD02906,,,
MFD02910,,,
MFD02912,,,
MFD02914,,,
MFD02915,,,
MFD02916,,,
MFD02922,,,
MFD02931,,,
MFD02944,,,
MFD02946,,,
MFD02948,,,
MFD02949,,,
MFD02950,,,
MFD02952,,,
MFD02953,,,
MFD02964,,,
MFD02974,,,
MFD02978,,,
MFD02984,,,
MFD02985,,,
MFD02986,,,
MFD02989,,,
MFD02990,,,
MFD02991,,,
MFD02993,,,
MFD02994,,,
MFD02996,,,
MFD02997,,,
MFD03006,,,
MFD03007,,,
MFD03009,,,
MFD03010,,,
MFD03023,,,
MFD03031,,,
MFD03040,,,
MFD03041,,,
MFD03048,,,
MFD03049,,,
MFD03053,,,
MFD03057,,,
MFD03059,,,
MFD03061,,,
MFD03062,,,
MFD03067,,,
MFD03074,,,
MFD03075,,,
MFD03077,,,
MFD03078,,,
MFD03084,,,
MFD03087,,,
MFD03089,,,
MFD03090,,,
MFD03091,,,
MFD03093,,,
MFD03097,,,
MFD03102,,,
MFD03107,,,
MFD03114,,,
MFD03115,,,
MFD03317,,,
MFD03396,,,
MFD03405,,,
MFD03474,,,
MFD03496,,,
MFD03579,,,
MFD03589,,,
MFD03591,,,
MFD03598,,,
MFD03601,,,
MFD03604,,,
MFD03607,,,
MFD03609,,,
MFD03614,,,
MFD03617,,,
MFD03618,,,
MFD03633,,,
MFD03634,,,
MFD03640,,,
MFD03641,,,
MFD03650,,,
MFD03651,,,
MFD03654,,,
MFD03658,,,
MFD03664,,,
MFD03666,,,
MFD03668,,,
MFD03674,,,
MFD03676,,,
MFD03683,,,
MFD03697,,,
MFD03708,,,
MFD03716,,,
MFD03718,,,
MFD03723,,,
MFD03728,,,
MFD03729,,,
MFD03734,,,
MFD03738,,,
MFD03739,,,
MFD03741,,,
MFD03746,,,
MFD03747,,,
MFD03748,,,
MFD03749,,,
MFD03752,,,
MFD03755,,,
MFD03758,,,
MFD03759,,,
MFD03763,,,
MFD03769,,,
MFD03773,,,
MFD03776,,,
MFD03780,,,
MFD03786,,,
MFD03791,,,
MFD03794,,,
MFD03796,,,
MFD03798,,,
MFD03812,,,
MFD03813,,,
MFD03816,,,
MFD03824,,,
MFD03826,,,
MFD03827,,,
MFD03835,,,
MFD03845,,,
MFD03847,,,
MFD03856,,,
MFD03857,,,
MFD03860,,,
MFD03864,,,
MFD03865,,,
MFD03868,,,
MFD03872,,,
MFD03874,,,
MFD03876,,,
MFD03879,,,
MFD03886,,,
MFD03889,,,
MFD03890,,,
MFD03893,,,
MFD03897,,,
MFD03903,,,
MFD03906,,,
MFD03909,,,
MFD03910,,,
MFD03912,,,
MFD03917,,,
MFD03919,,,
MFD03920,,,
MFD03925,,,
MFD03926,,,
MFD03931,,,
MFD03935,,,
MFD03938,,,
MFD03940,,,
MFD03943,,,
MFD03947,,,
MFD03948,,,
MFD03952,,,
MFD03964,,,
MFD03972,,,
MFD03976,,,
MFD03977,,,
MFD03992,,,
MFD04001,,,
MFD04005,,,
MFD04008,,,
MFD04011,,,
MFD04018,,,
MFD04031,,,
MFD04034,,,
MFD04037,,,
MFD04041,,,
MFD04043,,,
MFD04047,,,
MFD04049,,,
MFD04051,,,
MFD04053,,,
MFD04058,,,
MFD04063,,,
MFD04072,,,
MFD04076,,,
MFD04078,,,
MFD04084,,,
MFD04091,,,
MFD04094,,,
MFD04095,,,
MFD04096,,,
MFD04104,,,
MFD04111,,,
MFD04113,,,
MFD04121,,,
MFD04124,,,
MFD04125,,,
MFD04127,,,
MFD04132,,,
MFD04145,,,
MFD04148,,,
MFD04149,,,
MFD04153,,,
MFD04154,,,
MFD04155,,,
MFD04156,,,
MFD04157,,,
MFD04163,,,
MFD04166,,,
MFD04171,,,
MFD04173,,,
MFD04190,,,
MFD04191,,,
MFD04208,,,
MFD04209,,,
MFD04211,,,
MFD04224,,,
MFD04233,,,
MFD04237,,,
MFD04239,,,
MFD04244,,,
MFD04251,,,
MFD04252,,,
MFD04254,,,
MFD04257,,,
MFD04260,,,
MFD04265,,,
MFD04267,,,
MFD04269,,,
MFD04275,,,
MFD04280,,,
MFD04282,,,
MFD04283,,,
MFD04290,,,
MFD04292,,,
MFD04294,,,
MFD04297,,,
MFD04305,,,
MFD04306,,,
MFD04310,,,
MFD04312,,,
MFD04315,,,
MFD04323,,,
MFD04326,,,
MFD04329,,,
MFD04332,,,
MFD04333,,,
MFD04335,,,
MFD04336,,,
MFD04343,,,
MFD04344,,,
MFD04351,,,
MFD04355,,,
MFD04357,,,
MFD04358,,,
MFD04359,,,
MFD04360,,,
MFD04363,,,
MFD04366,,,
MFD04371,,,
MFD04376,,,
MFD04378,,,
MFD04388,,,
MFD04389,,,
MFD04392,,,
MFD04400,,,
MFD04402,,,
MFD04405,,,
MFD04410,,,
MFD04411,,,
MFD04413,,,
MFD04415,,,
MFD04416,,,
MFD04420,,,
MFD04428,,,
MFD04433,,,
MFD04438,,,
MFD04439,,,
MFD04441,,,
MFD04449,,,
MFD04458,,,
MFD04461,,,
MFD04467,,,
MFD04468,,,
MFD04471,,,
MFD04478,,,
MFD04481,,,
MFD04482,,,
MFD04485,,,
MFD04487,,,
MFD04493,,,
MFD04496,,,
MFD04497,,,
MFD04500,,,
MFD04502,,,
MFD04503,,,
MFD04504,,,
MFD04510,,,
MFD04515,,,
MFD04519,,,
MFD04520,,,
MFD04526,,,
MFD04528,,,
MFD04534,,,
MFD04537,,,
MFD04538,,,
MFD04550,,,
MFD04564,,,
MFD04573,,,
MFD04577,,,
MFD04578,,,
MFD04582,,,
MFD04584,,,
MFD04588,,,
MFD04592,,,
MFD04593,,,
MFD04594,,,
MFD04597,,,
MFD04598,,,
MFD04601,,,
MFD04610,,,
MFD04613,,,
MFD04634,,,
MFD04636,,,
MFD04655,,,
MFD04687,,,
MFD04696,,,
MFD04700,,,
MFD04702,,,
MFD04711,,,
MFD04715,,,
MFD04719,,,
MFD04720,,,
MFD04722,,,
MFD04725,,,
MFD04727,,,
MFD04731,,,
MFD04745,,,
MFD04749,,,
MFD04750,,,
MFD04754,,,
MFD04764,,,
MFD04766,,,
MFD04768,,,
MFD04773,,,
MFD04775,,,
MFD04781,,,
MFD04787,,,
MFD04803,,,
MFD04821,,,
MFD04828,,,
MFD04832,,,
MFD04834,,,
MFD04853,,,
MFD04857,,,
MFD04858,,,
MFD04870,,,
MFD04875,,,
MFD04881,,,
MFD04885,,,
MFD04886,,,
MFD04890,,,
MFD04893,,,
MFD04894,,,
MFD04897,,,
MFD04902,,,
MFD04909,,,
MFD04921,,,
MFD04922,,,
MFD04927,,,
MFD04938,,,
MFD04939,,,
MFD04944,,,
MFD04953,,,
MFD04965,,,
MFD04979,,,
MFD04992,,,
MFD04993,,,
MFD04997,,,
MFD04999,,,
MFD05005,,,
MFD05014,,,
MFD05023,,,
MFD05040,,,
MFD05044,,,
MFD05048,,,
MFD05059,,,
MFD05060,,,
MFD05069,,,
MFD05073,,,
MFD05076,,,
MFD05079,,,
MFD05090,,,
MFD05092,,,
MFD05093,,,
MFD05094,,,
MFD05097,,,
MFD05100,,,
MFD05102,,,
MFD05103,,,
MFD05104,,,
MFD05110,,,
MFD05115,,,
MFD05124,,,
MFD05127,,,
MFD05130,,,
MFD05139,,,
MFD05140,,,
MFD05151,,,
MFD05153,,,
MFD05155,,,
MFD05170,,,
MFD05180,,,
MFD05181,,,
MFD05182,,,
MFD05188,,,
MFD05190,,,
MFD05200,,,
MFD05204,,,
MFD05208,,,
MFD05214,,,
MFD05224,,,
MFD05233,,,
MFD05244,,,
MFD05247,,,
MFD05248,,,
MFD05255,,,
MFD05276,,,
MFD05284,,,
MFD05286,,,
MFD05287,,,
MFD05304,,,
MFD05305,,,
MFD05308,,,
MFD05310,,,
MFD05321,,,
MFD05324,,,
MFD05335,,,
MFD05338,,,
MFD05346,,,
MFD05347,,,
MFD05348,,,
MFD05352,,,
MFD05355,,,
MFD05361,,,
MFD05362,,,
MFD05369,,,
MFD05386,,,
MFD05392,,,
MFD05393,,,
MFD05404,,,
MFD05406,,,
MFD05407,,,
MFD05411,,,
MFD05428,,,
MFD05429,,,
MFD05438,,,
MFD05445,,,
MFD05446,,,
MFD05447,,,
MFD05449,,,
MFD05452,,,
MFD05461,,,
MFD05470,,,
MFD05482,,,
MFD05493,,,
MFD05497,,,
MFD05501,,,
MFD05502,,,
MFD05504,,,
MFD05508,,,
MFD05519,,,
MFD05520,,,
MFD05525,,,
MFD05536,,,
MFD05542,,,
MFD05545,,,
MFD05554,,,
MFD05555,,,
MFD05558,,,
MFD05567,,,
MFD05569,,,
MFD05570,,,
MFD05581,,,
MFD05590,,,
MFD05595,,,
MFD05596,,,
MFD05597,,,
MFD05598,,,
MFD05601,,,
MFD05609,,,
MFD05624,,,
MFD05629,,,
MFD05630,,,
MFD05632,,,
MFD05636,,,
MFD05639,,,
MFD05640,,,
MFD05641,,,
MFD05644,,,
MFD05646,,,
MFD05647,,,
MFD05650,,,
MFD05655,,,
MFD05656,,,
MFD05659,,,
MFD05663,,,
MFD05681,,,
MFD05682,,,
MFD05688,,,
MFD05690,,,
MFD05691,,,
MFD05695,,,
MFD05696,,,
MFD05701,,,
MFD05704,,,
MFD05714,,,
MFD05715,,,
MFD05716,,,
MFD05717,,,
MFD05719,,,
MFD05721,,,
MFD05723,,,
MFD05734,,,
MFD05735,,,
MFD05736,,,
MFD05747,,,
MFD05749,,,
MFD05751,,,
MFD05757,,,
MFD06078,,,
MFD06088,,,
MFD06093,,,
MFD06096,,,
MFD06103,,,
MFD06116,,,
MFD06132,,,
MFD06142,,,
MFD06146,,,
MFD06165,,,
MFD06181,,,
MFD06182,,,
MFD06186,,,
MFD06200,,,
MFD06204,,,
MFD06208,,,
MFD06219,,,
MFD06222,,,
MFD06238,,,
MFD06240,,,
MFD06314,,,
MFD06334,,,
MFD06335,,,
MFD06352,,,
MFD06503,,,
MFD06509,,,
MFD06526,,,
MFD06527,,,
MFD06535,,,
MFD06537,,,
MFD06544,,,
MFD06545,,,
MFD06554,,,
MFD06564,,,
MFD06572,,,
MFD06575,,,
MFD06586,,,
MFD06589,,,
MFD06617,,,
MFD06640,,,
MFD06662,,,
MFD06666,,,
MFD06669,,,
MFD06671,,,
MFD06675,,,
MFD06679,,,
MFD06683,,,
MFD06690,,,
MFD06691,,,
MFD06692,,,
MFD06693,,,
MFD06697,,,
MFD06701,,,
MFD06720,,,
MFD06721,,,
MFD06723,,,
MFD06725,,,
MFD06729,,,
MFD06739,,,
MFD06740,,,
MFD06743,,,
MFD06748,,,
MFD06755,,,
MFD06759,,,
MFD06765,,,
MFD06770,,,
MFD06772,,,
MFD06806,,,
MFD06810,,,
MFD06813,,,
MFD06815,,,
MFD06817,,,
MFD06824,,,
MFD06828,,,
MFD06829,,,
MFD06830,,,
MFD06831,,,
MFD06833,,,
MFD06835,,,
MFD06838,,,
MFD06839,,,
MFD06842,,,
MFD06849,,,
MFD06851,,,
MFD06900,,,
MFD06903,,,
MFD06905,,,
MFD06909,,,
MFD06976,,,
MFD06978,,,
MFD06980,,,
MFD06982,,,
MFD06983,,,
MFD06984,,,
MFD06989,,,
MFD06992,,,
MFD06994,,,
MFD07002,,,
MFD07005,,,
MFD07009,,,
MFD07010,,,
MFD07012,,,
MFD07015,,,
MFD07020,,,
MFD07021,,,
MFD07022,,,
MFD07034,,,
MFD07035,,,
MFD07040,,,
MFD07044,,,
MFD07045,,,
MFD07047,,,
MFD07050,,,
MFD07056,,,
MFD07057,,,
MFD07060,,,
MFD07062,,,
MFD07063,,,
MFD07066,,,
MFD07068,,,
MFD07074,,,
MFD07075,,,
MFD07081,,,
MFD07083,,,
MFD07085,,,
MFD07091,,,
MFD07092,,,
MFD07099,,,
MFD07103,,,
MFD07104,,,
MFD07105,,,
MFD07108,,,
MFD07113,,,
MFD07115,,,
MFD07121,,,
MFD07123,,,
MFD07125,,,
MFD07126,,,
MFD07130,,,
MFD07134,,,
MFD07138,,,
MFD07141,,,
MFD07145,,,
MFD07147,,,
MFD07151,,,
MFD07153,,,
MFD07154,,,
MFD07155,,,
MFD07162,,,
MFD07165,,,
MFD07167,,,
MFD07168,,,
MFD07171,,,
MFD07176,,,
MFD07181,,,
MFD07190,,,
MFD07191,,,
MFD07195,,,
MFD07201,,,
MFD07204,,,
MFD07214,,,
MFD07215,,,
MFD07216,,,
MFD07217,,,
MFD07220,,,
MFD07240,,,
MFD07251,,,
MFD07253,,,
MFD07271,,,
MFD07277,,,
MFD07283,,,
MFD07285,,,
MFD07314,,,
MFD07321,,,
MFD07336,,,
MFD07345,,,
MFD07347,,,
MFD07348,,,
MFD07373,,,
MFD07375,,,
MFD07387,,,
MFD07397,,,
MFD07406,,,
MFD07411,,,
MFD07412,,,
MFD07433,,,
MFD07434,,,
MFD07435,,,
MFD07436,,,
MFD07456,,,
MFD07457,,,
MFD07469,,,
MFD07470,,,
MFD07471,,,
MFD07473,,,
MFD07475,,,
MFD07490,,,
MFD07491,,,
MFD07492,,,
MFD07497,,,
MFD07508,,,
MFD07543,,,
MFD07546,,,
MFD07550,,,
MFD07551,,,
MFD07554,,,
MFD07556,,,
MFD07560,,,
MFD07563,,,
MFD07567,,,
MFD07574,,,
MFD07610,,,
MFD07612,,,
MFD07620,,,
MFD07647,,,
MFD07656,,,
MFD07718,,,
MFD07803,,,
MFD07826,,,
MFD07829,,,
MFD07841,,,
MFD07873,,,
MFD07930,,,
MFD07932,,,
MFD07939,,,
MFD07950,,,
MFD07979,,,
MFD07980,,,
MFD07981,,,
MFD07983,,,
MFD08002,,,
MFD08008,,,
MFD08023,,,
MFD08033,,,
MFD08041,,,
MFD08062,,,
MFD08077,,,
MFD08086,,,
MFD08096,,,
MFD08114,,,
MFD08117,,,
MFD08135,,,
MFD08138,,,
MFD08169,,,
MFD08171,,,
MFD08219,,,
MFD08236,,,
MFD08241,,,
MFD08247,,,
MFD08263,,,
MFD08265,,,
MFD08279,,,
MFD08289,,,
MFD08300,,,
MFD08301,,,
MFD08327,,,
MFD08380,,,
MFD08406,,,
MFD08410,,,
MFD08414,,,
MFD08438,,,
MFD08486,,,
MFD08504,,,
MFD08506,,,
MFD08509,,,
MFD08522,,,
MFD08562,,,
MFD08563,,,
MFD08586,,,
MFD08635,,,
MFD08645,,,
MFD08647,,,
MFD08651,,,
MFD08688,,,
MFD08697,,,
MFD08704,,,
MFD08712,,,
MFD08728,,,
MFD08769,,,
MFD08777,,,
MFD08786,,,
MFD08806,,,
MFD08816,,,
MFD08852,,,
MFD08928,,,
MFD08959,,,
MFD08976,,,
MFD08979,,,
MFD08985,,,
MFD09052,,,
MFD09070,,,
MFD09079,,,
MFD09087,,,
MFD09088,,,
MFD09146,,,
MFD09164,,,
MFD09178,,,
MFD09300,,,
MFD09306,,,
MFD09315,,,
MFD09327,,,
MFD09330,,,
MFD09334,,,
MFD09337,,,
MFD09341,,,
MFD09349,,,
MFD09356,,,
MFD09362,,,
MFD09363,,,
MFD09366,,,
MFD09369,,,
MFD09376,,,
MFD09380,,,
MFD09388,,,
MFD09428,,,
MFD09444,,,
MFD09445,,,
MFD09451,,,
MFD09458,,,
MFD09460,,,
MFD09462,,,
MFD09469,,,
MFD09473,,,
MFD09477,,,
MFD09478,,,
MFD09481,,,
MFD09488,,,
MFD09502,,,
MFD09512,,,
MFD09516,,,
MFD09534,,,
MFD09537,,,
MFD09559,,,
MFD09560,,,
MFD09563,,,
MFD09565,,,
MFD09569,,,
MFD09576,,,
MFD09584,,,
MFD09589,,,
MFD09592,,,
MFD09597,,,
MFD09606,,,
MFD09607,,,
MFD09613,,,
MFD09614,,,
MFD09617,,,
MFD09624,,,
MFD09626,,,
MFD09628,,,
MFD09631,,,
MFD09637,,,
MFD09638,,,
MFD09646,,,
MFD09654,,,
MFD09655,,,
MFD09675,,,
MFD09677,,,
MFD09688,,,
MFD09689,,,
MFD09690,,,
MFD09697,,,
MFD09698,,,
MFD09700,,,
MFD09701,,,
MFD09707,,,
MFD09711,,,
MFD09719,,,
MFD09720,,,
MFD09724,,,
MFD09726,,,
MFD09728,,,
MFD09729,,,
MFD09733,,,
MFD09744,,,
MFD09746,,,
MFD09748,,,
MFD09749,,,
MFD09754,,,
MFD09755,,,
MFD09757,,,
MFD09759,,,
MFD09764,,,
MFD09765,,,
MFD09766,,,
MFD09767,,,
MFD09768,,,
MFD09771,,,
MFD09772,,,
MFD09783,,,
MFD09785,,,
MFD09787,,,
MFD09788,,,
MFD09789,,,
MFD09791,,,
MFD09793,,,
MFD09796,,,
MFD09798,,,
MFD09802,,,
MFD09808,,,
MFD09811,,,
MFD09814,,,
MFD09815,,,
MFD09816,,,
MFD09821,,,
MFD09822,,,
MFD09825,,,
MFD09826,,,
MFD09832,,,
MFD09844,,,
MFD09846,,,
MFD09853,,,
MFD09854,,,
MFD09855,,,
MFD09856,,,
MFD09859,,,
MFD09860,,,
MFD09865,,,
MFD09866,,,
MFD09868,,,
MFD09871,,,
MFD09875,,,
MFD09888,,,
MFD09889,,,
MFD09897,,,
MFD09898,,,
MFD09899,,,
MFD09901,,,
MFD09902,,,
MFD09904,,,
MFD09905,,,
MFD09906,,,
MFD09911,,,
MFD09914,,,
MFD09917,,,
MFD09918,,,
MFD09927,,,
MFD09928,,,
MFD09931,,,
MFD09935,,,
MFD09938,,,
MFD09939,,,
MFD09940,,,
MFD09944,,,
MFD09948,,,
MFD09949,,,
MFD09950,,,
MFD09951,,,
MFD09952,,,
MFD09958,,,
MFD09963,,,
MFD09966,,,
MFD09967,,,
MFD09971,,,
MFD09973,,,
MFD09976,,,
MFD09982,,,
MFD09986,,,
MFD09990,,,
MFD09995,,,
MFD10001,,,
MFD10002,,,
MFD10003,,,
MFD10005,,,
MFD10017,,,
MFD10022,,,
MFD10024,,,
MFD10025,,,
MFD10029,,,
MFD10031,,,
MFD10043,,,
MFD10044,,,
MFD10048,,,
MFD10049,,,
MFD10053,,,
MFD10056,,,
MFD10057,,,
MFD10061,,,
MFD10078,,,
MFD10079,,,
MFD10083,,,
MFD10084,,,
MFD10596,,,
MFD10604,,,
MFD10625,,,
MFD10966,,,
MFD12404,,,
MFD12410,,,
MFD12412,,,
MFD12414,,,
MFD12415,,,
MFD12417,,,
MFD12418,,,
MFD12419,,,
MFD12420,,,
MFD12423,,,
MFD12424,,,
MFD12425,,,
MFD12428,,,
MFD12430,,,
MFD12433,,,
MFD12434,,,
MFD12436,,,
MFD12437,,,
MFD12441,,,
MFD12444,,,
MFD12445,,,
MFD12446,,,
MFD12448,,,
MFD12450,,,
MFD12457,,,
MFD12465,,,
MFD12469,,,
MFD12470,,,
MFD12476,,,
MFD12478,,,
MFD12480,,,
MFD12483,,,
MFD12485,,,
MFD12487,,,
MFD12489,,,
MFD12490,,,
MFD12492,,,
MFD12494,,,
MFD12495,,,
MFD12499,,,
MFD12506,,,
MFD12508,,,
MFD12515,,,
MFD12517,,,
MFD12518,,,
MFD12519,,,
MFD12521,,,
MFD12523,,,
MFD12524,,,
