LibID,SampleID,PointLongitude,PointLatitude,allsamples
LIB-MX006-E2,1449,10.3538654441811,55.2061055446762,Alle prøver
LIB-MX008_run2-F1,1652,9.90671014285618,57.0492019604308,Alle prøver
LIB-MX003-G10,1214,9.77822770356687,56.095624264279,Alle prøver
LIB-MX002-D7,3241,8.51900352942936,56.6481530219208,Alle prøver
LIB-MX004-B11,1935,9.49618352058654,56.6190005403398,Alle prøver
LIB-MX008_run2-D6,1579,11.9643277777777,55.3139805555555,Alle prøver
LIB-MX008_run2-D10,3208,10.2399848003345,57.3448508156987,Alle prøver
LIB-MX002-F5,3397,11.5537911098969,55.4526737660434,Alle prøver
LIB-MX008_run2-A1,3257,11.6836820909394,55.7094874876191,Alle prøver
LIB-MX010-D10,1533,12.5806888888888,55.6699972222222,Alle prøver
LIB-MX007-D6,3385,12.3252056290614,55.6691847263082,Alle prøver
LIB-MX003-A10,3142,12.54595,55.8230972222222,Alle prøver
LIB-MX001-E9,3002,8.75607624519768,55.332396839814,Alle prøver
LIB-MX002-D4,3273,9.55656172249005,54.8931758697425,Alle prøver
LIB-MX009-B7,3234,12.4908140943864,55.8912491845004,Alle prøver
LIB-MX011-D8,1731,11.889902613661,55.5658528434109,Alle prøver
LIB-MX003-H6,1934,10.1584472222222,56.0673861111111,Alle prøver
LIB-MX011-A4,1272,11.6957178125936,55.7121801193927,Alle prøver
LIB-MX006-A12,1311,9.47812777777777,55.500125,Alle prøver
LIB-MX011-F2,3400,10.2966222222222,56.2245333333333,Alle prøver
LIB-MX010-D3,1723,12.5876049765828,55.7889211269993,Alle prøver
LIB-MX003-E5,1548,10.3929547642919,55.3657342096721,Alle prøver
LIB-MX007-A1,3317,11.7810666666666,55.4380694444444,Alle prøver
LIB-MX005-H2,1966,11.9856638888888,55.8363083333333,Alle prøver
LIB-MX003-E1,3284,9.68562945305449,57.1989686173999,Alle prøver
LIB-MX011-G5,1144,10.2674216117697,56.2121410631599,Alle prøver
LIB-MX009-D10,1359,12.2815788072858,55.9552034829243,Alle prøver
LIB-MX011-F8,1059,10.1329194444444,55.389175,Alle prøver
LIB-MX001-G9,1977,9.70547758388802,55.5377351255244,Alle prøver
LIB-MX002-B9,1526,9.15291666666666,56.1268416666666,Alle prøver
LIB-MX010-F6,1111,9.89212222222222,55.2621694444444,Alle prøver
LIB-MX001-E8,1965,9.47715114154653,55.508320135666,Alle prøver
LIB-MX005-E3,3285,9.64325619972222,56.9776014997222,Alle prøver
LIB-MX004-A11,1389,12.4760007406286,55.9037113618927,Alle prøver
LIB-MX003-F9,1898,12.2115408578008,55.5331256189909,Alle prøver
LIB-MX004-D4,3339,12.4678536748254,55.7067441958113,Alle prøver
LIB-MX007-G10,1368,10.3104488881781,56.2716629866669,Alle prøver
LIB-MX009-G1,1348,10.302594912092,56.2714509487255,Alle prøver
LIB-MX005-D3,1006,12.511625,55.8805444444444,Alle prøver
LIB-MX006-B4,1503,8.97751511186554,56.1505597594576,Alle prøver
LIB-MX003-G11,1391,12.4764651017373,55.9040156478086,Alle prøver
LIB-MX003-B12,1223,10.5293679997222,55.3253867,Alle prøver
LIB-MX006-D8,1060,9.45910069294915,56.1506175980298,Alle prøver
LIB-MX007-F9,1405,12.3591472222222,55.8797722222222,Alle prøver
LIB-MX005-B6,1835,8.43159584932707,55.5476350906839,Alle prøver
LIB-MX001-E6,1814,9.61444444444444,55.8202944444444,Alle prøver
LIB-MX005-D1,1864,12.5711049628597,55.7069617104662,Alle prøver
LIB-MX004-E2,1631,9.52535708100101,55.7061642834253,Alle prøver
LIB-MX003-G8,1828,9.94548027342623,57.2803914947627,Alle prøver
LIB-MX002-F6,1818,11.1322665481177,54.8334013129565,Alle prøver
LIB-MX001-G1,1847,11.783426732805,55.3974937084018,Alle prøver
LIB-MX004-B10,1087,12.5795288795497,55.7123689544959,Alle prøver
LIB-MX006-D4,1344,12.514845459435,55.7089031326845,Alle prøver
LIB-MX009-D3,1042,8.79930232629996,56.2660271023189,Alle prøver
LIB-MX006-H4,1052,12.3103589230714,55.7428529034717,Alle prøver
LIB-MX001-C7,1326,12.4780547618865,55.7923370062262,Alle prøver
LIB-MX005-E1,1877,12.4985733207209,55.6604600404436,Alle prøver
LIB-MX006-E11,1618,10.2023509305187,56.1369552530443,Alle prøver
LIB-MX011-C7,1975,12.5291087819109,55.667915838901,Alle prøver
LIB-MX001-A5,1668,9.6704321465447,55.2564097701708,Alle prøver
LIB-MX009-B4,1037,9.82649264411088,56.8930112655796,Alle prøver
LIB-MX004-B5,3249,9.64518095103771,55.2501485189207,Alle prøver
LIB-MX010-E3,1622,9.52552495609628,55.7074041063547,Alle prøver
LIB-MX007-C11,1335,12.4804230978552,55.8023218688226,Alle prøver
LIB-MX006-D11,3278,12.058881481756,55.312496297863,Alle prøver
LIB-MX008_run2-D2,1458,12.1061664130626,55.6601472026272,Alle prøver
LIB-MX004-B4,3015,10.2606378277818,55.0973220611093,Alle prøver
LIB-MX010-C6,1873,10.1847369241243,55.3166559722322,Alle prøver
LIB-MX005-E5,3047,8.80753333333333,56.0745777777777,Alle prøver
LIB-MX010-H7,1718,11.7784953905624,55.6139217076641,Alle prøver
LIB-MX004-E6,1675,9.94343262819046,57.0114949996502,Alle prøver
LIB-MX007-G8,1812,9.84365098101211,55.7589474516928,Alle prøver
LIB-MX010-E10,1219,12.1824527777777,55.4347722222222,Alle prøver
LIB-MX008_run2-C11,1756,10.1018248231389,56.327442265905,Alle prøver
LIB-MX006-A2,1082,8.36886886870956,55.9625166185962,Alle prøver
LIB-MX010-G2,1445,11.7505,55.2363888888888,Alle prøver
LIB-MX011-F6,1881,12.2098119359898,55.5321159028986,Alle prøver
LIB-MX004-B2,1493,12.4649627171226,55.6508939169642,Alle prøver
LIB-MX005-H9,1765,9.77576555283077,55.5401158796254,Alle prøver
LIB-MX006-A3,1242,12.4704722222222,55.7435527777777,Alle prøver
LIB-MX003-C11,1842,12.5853109359741,56.0137732229775,Alle prøver
LIB-MX011-H5,3312,12.1381308001226,55.4212095387052,Alle prøver
LIB-MX011-B4,1787,11.8867787093448,55.1073784390815,Alle prøver
LIB-MX004-A1,1227,10.4494671939912,55.3662790473941,Alle prøver
LIB-MX010-C12,1841,15.0871386444757,54.995173617454,Alle prøver
LIB-MX006-D5,3386,12.3293166666666,55.6728027777777,Alle prøver
LIB-MX004-E4,1646,9.46234033333333,55.0824126944444,Alle prøver
LIB-MX003-H1,3036,10.0419718607011,56.3198474820604,Alle prøver
LIB-MX010-G11,1506,8.79797639972222,55.4736680997222,Alle prøver
LIB-MX006-H7,3383,12.3277611111111,55.6702277777777,Alle prøver
LIB-MX003-C2,1443,11.3374091555786,55.7008746009535,Alle prøver
LIB-MX011-C9,1689,9.94786400805887,57.0282924882187,Alle prøver
LIB-MX010-D9,1221,12.1814406045566,55.428644253289,Alle prøver
LIB-MX006-A6,1535,12.48817672443,55.6446210274865,Alle prøver
LIB-MX009-C4,1949,10.0000626411517,57.0411315170749,Alle prøver
LIB-MX003-A11,1621,12.4940715987273,55.6451082336916,Alle prøver
LIB-MX008_run2-C9,1356,11.6202299722222,55.711547,Alle prøver
LIB-MX004-H10,1049,12.3038182882476,55.7397515551558,Alle prøver
LIB-MX005-H4,1676,10.3441722222222,55.1458861111111,Alle prøver
LIB-MX010-F7,1544,12.4804766328532,55.7233431115929,Alle prøver
LIB-MX011-A8,1696,10.2874691577381,56.7566278539143,Alle prøver
LIB-MX004-G1,1067,10.0260861111111,57.1087388888888,Alle prøver
LIB-MX011-E1,3055,10.5858219046053,55.860708500217,Alle prøver
LIB-MX008_run2-H3,1959,12.4266288527357,55.7338110149361,Alle prøver
LIB-MX003-B6,1665,11.7558194566779,55.2360249120833,Alle prøver
LIB-MX006-H6,3158,12.1652772203677,55.455155916314,Alle prøver
LIB-MX009-E10,3099,10.0311652644333,56.4055159420707,Alle prøver
LIB-MX003-F11,3149,10.5445444444444,54.9665555555555,Alle prøver
LIB-MX002-C1,3085,12.4134861111111,55.8424555555555,Alle prøver
LIB-MX010-A1,1559,11.8016292241092,55.4677204359952,Alle prøver
LIB-MX005-G6,1093,12.5794474484935,55.7124405498554,Alle prøver
LIB-MX004-H4,1087,12.5795288795497,55.7123689544959,Alle prøver
LIB-MX007-E1,3147,10.6110037016952,55.0271849595951,Alle prøver
LIB-MX003-H11,3018,11.9467705656213,55.3096605417723,Alle prøver
LIB-MX009-D11,3172,12.2682568495327,55.9513521885426,Alle prøver
LIB-MX006-G1,1444,10.3571607223144,55.2079398537465,Alle prøver
LIB-MX003-A5,1125,10.2026146624225,56.0450950127113,Alle prøver
LIB-MX006-D3,1894,9.53038411521351,55.4042193391319,Alle prøver
LIB-MX001-H3,1399,11.6604074556482,55.9265028901579,Alle prøver
LIB-MX009-G9,1419,10.4117477313303,55.3607863583322,Alle prøver
LIB-MX004-H6,1036,14.9696733359419,55.1646792945297,Alle prøver
LIB-MX004-E5,1123,10.1970697121571,56.0341169620096,Alle prøver
LIB-MX006-D10,3398,10.7342083333333,54.9313499999999,Alle prøver
LIB-MX005-H8,1704,11.3152439901399,55.2568502222793,Alle prøver
LIB-MX001-A8,1615,12.0263611111111,55.5612722222222,Alle prøver
LIB-MX005-D5,1105,14.7029369933618,55.0912855467293,Alle prøver
LIB-MX004-H11,3233,8.46992904809997,55.5318473398606,Alle prøver
LIB-MX001-A10,3021,9.96769444444444,56.1908083333333,Alle prøver
LIB-MX003-D5,1996,9.74156388888888,56.2237861111111,Alle prøver
LIB-MX003-E9,1314,9.47792682046135,55.4992826398782,Alle prøver
LIB-MX011-H4,1100,9.91828611111111,57.024175,Alle prøver
LIB-MX010-B2,1069,8.78835201523861,56.2667245957929,Alle prøver
LIB-MX009-H6,1039,9.83930277777777,56.8934777777777,Alle prøver
LIB-MX011-C8,1666,8.98750457771185,56.1079540520069,Alle prøver
LIB-MX011-H10,3093,10.2753829651454,56.2420590397966,Alle prøver
LIB-MX009-D4,1971,9.27067980277836,57.0956984483813,Alle prøver
LIB-MX006-G6,1330,12.5059972222222,55.7104444444444,Alle prøver
LIB-MX005-F7,1698,9.65306180729445,55.7984033430063,Alle prøver
LIB-MX004-B3,1525,9.30750923650634,55.7078176291728,Alle prøver
LIB-MX010-E2,3388,10.0386648766702,56.5420445266291,Alle prøver
LIB-MX006-E4,1233,12.35475,55.7169527777777,Alle prøver
LIB-MX011-D6,3321,9.90166391853914,54.9217063236341,Alle prøver
LIB-MX006-E1,1627,12.4877263467831,55.7638376262823,Alle prøver
LIB-MX010-E6,1906,14.7156694444444,55.1242722222222,Alle prøver
LIB-MX006-D6,3143,10.7337716809961,54.9307254293833,Alle prøver
LIB-MX007-G7,1673,8.4149319370883,56.2017228972588,Alle prøver
LIB-MX010-A8,1222,12.1818444444444,55.4283444444444,Alle prøver
LIB-MX009-B6,3150,9.5275713507188,57.0951027506919,Alle prøver
LIB-MX010-C2,1089,10.0240126803131,57.1089381189929,Alle prøver
LIB-MX007-C12,1683,12.0961478234178,55.9322705384993,Alle prøver
LIB-MX004-G3,1604,10.2019036246208,56.1369380447361,Alle prøver
LIB-MX002-E8,1204,9.77863206242083,56.0957475933377,Alle prøver
LIB-MX003-F7,1808,9.57518611111111,56.1907222222222,Alle prøver
LIB-MX007-C7,1304,12.5306682140361,55.9999052646607,Alle prøver
LIB-MX004-H7,3329,11.7827585923451,55.4399557117316,Alle prøver
LIB-MX010-H3,1255,8.92728055555555,56.1502333333333,Alle prøver
LIB-MX004-A2,1560,12.5526972222222,55.6884194444444,Alle prøver
LIB-MX001-E11,1882,12.4978460621432,55.6634722245549,Alle prøver
LIB-MX004-A7,1931,9.74431852208923,55.0555942875198,Alle prøver
LIB-MX006-F1,1337,12.5077428542842,55.7148382423453,Alle prøver
LIB-MX001-G11,1128,9.86195320255234,55.8326368017136,Alle prøver
LIB-MX008_run2-D4,3336,12.4887205531311,55.6420166565337,Alle prøver
LIB-MX009-G10,1385,12.4758380927848,55.9026316559393,Alle prøver
LIB-MX005-C9,1315,12.5784111111111,55.7475055555555,Alle prøver
LIB-MX011-B1,1491,8.79256388888888,55.4727555555555,Alle prøver
LIB-MX009-E7,1587,12.3521922628491,55.7851522320153,Alle prøver
LIB-MX009-B9,3223,8.4240223235727,56.1123462753627,Alle prøver
LIB-MX009-A10,3216,9.4008182491069,55.0361597275168,Alle prøver
LIB-MX002-E3,1976,9.5255334415778,56.1521967713838,Alle prøver
LIB-MX004-B12,1855,12.4405645855339,55.773779705726,Alle prøver
LIB-MX007-G9,1238,12.5542100812369,55.9877824295712,Alle prøver
LIB-MX001-D9,1320,12.5157773114822,55.7135825245198,Alle prøver
LIB-MX006-B8,3027,9.80908216730111,57.1475716398083,Alle prøver
LIB-MX001-C9,1249,12.5276094801584,55.8066632437284,Alle prøver
LIB-MX001-H6,3016,11.8569892644882,55.5935272737275,Alle prøver
LIB-MX011-G11,1901,10.2460129430008,56.1998147453767,Alle prøver
LIB-MX004-E3,1888,11.1911083333333,55.5222027777777,Alle prøver
LIB-MX001-C8,3340,12.0351888550396,55.5692635854377,Alle prøver
LIB-MX011-E10,3034,9.14527791174977,55.4798966441264,Alle prøver
LIB-MX006-G9,3005,12.6476215480545,55.642376513507,Alle prøver
LIB-MX004-G5,1514,9.31118494194208,55.7031368759491,Alle prøver
LIB-MX007-B5,1158,9.42243333333333,55.7523694444444,Alle prøver
LIB-MX004-G11,1078,9.4846355918877,56.1407777373109,Alle prøver
LIB-MX009-B1,1983,8.92320552500631,55.7545527424753,Alle prøver
LIB-MX001-A7,1495,12.0171888888888,55.0363222222222,Alle prøver
LIB-MX011-D2,3399,10.2972027777777,56.2247388888888,Alle prøver
LIB-MX004-F7,3020,8.64725350952422,56.3665643328767,Alle prøver
LIB-MX006-G2,1487,12.52160085239,55.6069385133929,Alle prøver
LIB-MX003-H7,1601,12.3812766884085,55.76359911839,Alle prøver
LIB-MX007-D1,3277,12.0590633415343,55.3125350654551,Alle prøver
LIB-MX001-H10,3332,12.4472647335504,55.7267215912472,Alle prøver
LIB-MX009-A7,3275,12.5165444998333,55.6849653220788,Alle prøver
LIB-MX001-F7,1708,9.60961236258779,56.30472681265,Alle prøver
LIB-MX005-C11,1769,9.34327090731383,56.411601327024,Alle prøver
LIB-MX005-B11,3224,10.8910968780642,56.4097691241631,Alle prøver
LIB-MX004-C11,3183,11.6967620415993,55.7138419608223,Alle prøver
LIB-MX004-F9,1207,12.5311972222222,55.8127333333333,Alle prøver
LIB-MX008_run2-E11,1542,11.7395576947691,55.7086979323755,Alle prøver
LIB-MX008_run2-H4,3343,8.92875798672488,55.7449291708835,Alle prøver
LIB-MX004-D5,3065,9.12635833333333,55.1308805555555,Alle prøver
LIB-MX003-H5,1603,12.3808121597132,55.7627020074088,Alle prøver
LIB-MX011-E4,1369,12.4740888888888,55.9019111111111,Alle prøver
LIB-MX001-D4,1254,12.5498360906531,55.8219289534891,Alle prøver
LIB-MX009-B2,2000,11.3932979315769,55.3193412309843,Alle prøver
LIB-MX001-G7,3037,9.47008343439348,55.4495505537078,Alle prøver
LIB-MX010-D6,3324,12.2430525126182,55.5607461392692,Alle prøver
LIB-MX003-C12,3000,12.6389027777777,55.6326222222222,Alle prøver
LIB-MX001-A12,1987,9.76922222222222,55.5798194444444,Alle prøver
LIB-MX004-D10,3239,8.71874400616447,56.8394496088947,Alle prøver
LIB-MX010-A4,1892,8.52681389842359,56.8956347494374,Alle prøver
LIB-MX006-G8,3140,10.7346295336192,54.9302974117531,Alle prøver
LIB-MX003-D11,1509,12.5723722222222,55.7004861111111,Alle prøver
LIB-MX002-B5,1524,9.15076388888889,56.1266055555555,Alle prøver
LIB-MX004-F1,1331,12.5157160648662,55.7135529211204,Alle prøver
LIB-MX003-B2,1186,11.5451888888888,55.4398027777777,Alle prøver
LIB-MX001-F4,1910,9.72799444444444,55.0094861111111,Alle prøver
LIB-MX003-A2,3042,11.8628138888888,55.9509361111111,Alle prøver
LIB-MX007-D10,1375,12.2676034238902,55.9519880775383,Alle prøver
LIB-MX011-F1,1075,9.88512222222222,55.25985,Alle prøver
LIB-MX010-C9,1392,12.4743276708986,55.9042065027428,Alle prøver
LIB-MX004-D2,3008,11.8741273125012,54.8579689814793,Alle prøver
LIB-MX003-B7,3247,10.1274914126866,56.093091714277,Alle prøver
LIB-MX007-B2,1068,10.133781910118,55.3874496413156,Alle prøver
LIB-MX007-H10,1565,12.4349944444444,55.8326111111111,Alle prøver
LIB-MX003-B5,1332,12.5188658774622,55.7173787633314,Alle prøver
LIB-MX004-A10,3072,9.64988426416683,56.9764670880603,Alle prøver
LIB-MX011-C4,1274,9.54523055555555,56.0827166666666,Alle prøver
LIB-MX003-A12,3282,9.76517705158997,56.6554879239726,Alle prøver
LIB-MX008_run2-G8,1498,9.8282222453655,56.8772724358112,Alle prøver
LIB-MX003-G2,1549,10.3940184407086,55.3659172912287,Alle prøver
LIB-MX002-B1,3041,8.34886489056274,56.3412636812027,Alle prøver
LIB-MX004-D7,3038,11.2667302448948,55.3622338109129,Alle prøver
LIB-MX003-A9,1134,9.86358103185225,55.8333076805142,Alle prøver
LIB-MX007-C1,1642,10.1913617271018,56.1102306430483,Alle prøver
LIB-MX005-C4,3246,9.37320101897092,56.4445570736809,Alle prøver
LIB-MX007-H8,1437,8.97224074579852,56.1509143500952,Alle prøver
LIB-MX009-D8,1374,12.2636269017487,55.9520355745793,Alle prøver
LIB-MX002-E4,3331,11.9847356585276,55.2857091475689,Alle prøver
LIB-MX011-H1,1095,9.89126944444444,55.2685083333333,Alle prøver
LIB-MX011-A3,3258,10.5853866722266,55.8607372374795,Alle prøver
LIB-MX002-F8,1519,9.33429437773314,56.7740466316152,Alle prøver
LIB-MX006-A4,3151,10.7322231085202,54.9291091286844,Alle prøver
LIB-MX001-A9,3079,12.1010772012747,55.6405120530872,Alle prøver
LIB-MX004-A3,1776,10.143429,55.913627,Alle prøver
LIB-MX006-A10,1109,14.7028833333333,55.0915194444444,Alle prøver
LIB-MX006-G11,3349,12.4388841274931,55.7395699453334,Alle prøver
LIB-MX010-B8,3303,12.3869298230894,55.8225082467425,Alle prøver
LIB-MX005-A5,1713,9.43908899463838,55.7081863222247,Alle prøver
LIB-MX003-E6,1117,9.88084896393505,57.020146119393,Alle prøver
LIB-MX011-C1,1999,9.6155984157802,55.5399035818505,Alle prøver
LIB-MX008_run2-F9,3039,12.1332768966865,55.5542319858459,Alle prøver
LIB-MX005-H7,1047,12.3401481464855,55.7362975201543,Alle prøver
LIB-MX007-B7,3351,9.93212412409548,56.4348373504036,Alle prøver
LIB-MX001-A6,1411,15.1235524627582,55.0710389269335,Alle prøver
LIB-MX001-F6,1258,10.2875426604616,56.2241575876024,Alle prøver
LIB-MX004-F2,1648,8.99018181472513,56.1063707401779,Alle prøver
LIB-MX004-A12,1010,12.4618808485454,55.6241361074058,Alle prøver
LIB-MX011-G4,3097,9.93340364289643,56.4338724540519,Alle prøver
LIB-MX004-D3,3235,8.84118093051509,54.9372128322795,Alle prøver
LIB-MX002-B6,3007,10.1155527777777,55.2748111111111,Alle prøver
LIB-MX009-B12,1236,11.9011472222222,55.0075194444444,Alle prøver
LIB-MX008_run2-B2,1026,9.94505031919341,57.2815723430233,Alle prøver
LIB-MX008_run2-D11,3252,12.5037004398655,55.7317576262869,Alle prøver
LIB-MX008_run2-E5,1885,12.2122927959953,55.5330172863779,Alle prøver
LIB-MX008_run2-A6,1925,10.6969827394499,55.0944199008037,Alle prøver
LIB-MX008_run2-D8,1522,10.5099166666666,54.8515694444444,Alle prøver
LIB-MX007-H5,1912,10.5171885179625,57.4413595398245,Alle prøver
LIB-MX007-E7,1637,9.46312065385706,55.0861994722001,Alle prøver
LIB-MX008_run2-F8,1029,9.94575262104045,57.2810671632447,Alle prøver
LIB-MX005-B12,3179,10.6113415743033,55.0273959585972,Alle prøver
LIB-MX008_run2-B3,1499,11.4163111271561,55.6620264661785,Alle prøver
LIB-MX002-E2,3304,12.1017690511728,55.6378526584781,Alle prøver
LIB-MX008_run2-A11,3076,11.8774777777777,54.7745805555555,Alle prøver
LIB-MX003-B10,1502,12.3230379457685,55.5917044264812,Alle prøver
LIB-MX003-H2,1452,11.3397949268797,55.6992538068673,Alle prøver
LIB-MX006-A8,1897,9.533133692606,55.4031146035518,Alle prøver
LIB-MX004-C5,3305,8.74951346216842,55.403136699373,Alle prøver
LIB-MX010-H8,1880,10.1849588184819,55.3167988811072,Alle prøver
LIB-MX007-B11,1772,11.5568527777777,55.4138861111111,Alle prøver
LIB-MX008_run2-C7,1654,10.2041777777777,56.1143222222222,Alle prøver
LIB-MX007-A3,1422,10.183068123606,56.1869217021637,Alle prøver
LIB-MX007-B9,3061,12.4479972222222,55.7691222222222,Alle prøver
LIB-MX005-D2,1103,10.1326611111111,55.3878111111111,Alle prøver
LIB-MX009-C11,1034,9.84345833333333,56.8933444444444,Alle prøver
LIB-MX007-H3,3180,8.92541111111111,56.1507833333333,Alle prøver
LIB-MX001-H2,3214,10.589924959856,56.3593570422515,Alle prøver
LIB-MX010-B4,1235,11.9009638888888,55.0075,Alle prøver
LIB-MX008_run2-B11,3302,12.511365180381,55.9577548917011,Alle prøver
LIB-MX011-E8,1561,11.9491138888888,55.3153638888888,Alle prøver
LIB-MX009-E11,3176,8.9254450734096,56.1506416666666,Alle prøver
LIB-MX011-H2,1262,11.7030660201679,55.7097514334677,Alle prøver
LIB-MX001-F11,3209,12.6132668807459,55.6584165837473,Alle prøver
LIB-MX004-H1,3084,8.7468458583069,55.4016794888735,Alle prøver
LIB-MX004-C7,3286,9.76485154232786,56.6556186235431,Alle prøver
LIB-MX009-H8,1440,12.6006803007697,55.636886688091,Alle prøver
LIB-MX001-E2,3033,10.0414365560904,56.3206335012806,Alle prøver
LIB-MX010-G4,3171,12.2682746235648,55.9516086951535,Alle prøver
LIB-MX002-C9,1325,12.4850083758545,55.8461634469069,Alle prøver
LIB-MX004-A5,3325,12.250527828855,55.5641357376646,Alle prøver
LIB-MX005-C2,3250,9.37225333761876,56.44608021598,Alle prøver
LIB-MX003-G4,1475,11.3343916388888,55.7036388888888,Alle prøver
LIB-MX006-A5,1518,12.4795727113322,55.6261127295179,Alle prøver
LIB-MX009-A2,1376,12.2807940917354,55.9465848041808,Alle prøver
LIB-MX007-D4,3299,11.876009419302,54.7755511292465,Alle prøver
LIB-MX004-H9,1883,8.86471033926396,54.931397842813,Alle prøver
LIB-MX007-F6,1406,10.512254374237,57.4438185325521,Alle prøver
LIB-MX001-D11,1575,12.4522549817794,55.7650493376375,Alle prøver
LIB-MX006-B10,1206,12.2627937661783,55.6628177973902,Alle prøver
LIB-MX003-F8,1313,9.47866043322628,55.4998961490375,Alle prøver
LIB-MX007-D5,1408,10.4963005950164,56.2133398141599,Alle prøver
LIB-MX005-A1,1839,10.4262121545201,57.4531352178605,Alle prøver
LIB-MX011-E2,1402,10.1548505167651,55.9713301939006,Alle prøver
LIB-MX005-E4,1165,9.96710277777777,57.0442166666666,Alle prøver
LIB-MX002-E10,3309,10.4921933348703,56.3860128609758,Alle prøver
LIB-MX005-H5,1118,9.55422777777777,55.6906083333333,Alle prøver
LIB-MX004-A6,1858,10.4280537278616,57.4528485504499,Alle prøver
LIB-MX006-H8,3297,10.4687020734248,55.2386682837695,Alle prøver
LIB-MX006-C5,1073,12.0855343270836,55.832169321263,Alle prøver
LIB-MX002-D9,1766,9.75973055555555,55.5639361111111,Alle prøver
LIB-MX001-H5,3274,8.75585591394096,55.1546642049444,Alle prøver
LIB-MX003-C6,3310,9.2863541,55.9876167997222,Alle prøver
LIB-MX004-F4,1396,9.58537777777777,54.5161694444444,Alle prøver
LIB-MX011-G10,1566,12.4527598624335,55.7645828385026,Alle prøver
LIB-MX008_run2-A4,1838,12.5575388888888,55.7304583333333,Alle prøver
LIB-MX005-E10,1269,9.99769972473218,57.4570858612271,Alle prøver
LIB-MX006-E10,3353,9.75123643930854,55.4930244563963,Alle prøver
LIB-MX011-B10,1762,10.0949792566087,55.3430717657787,Alle prøver
LIB-MX001-D10,1660,10.5111084671279,55.0744496227274,Alle prøver
LIB-MX005-H1,1968,9.00019910500057,56.3887266023592,Alle prøver
LIB-MX007-D3,3139,9.53195647262862,57.0959121016904,Alle prøver
LIB-MX002-D5,1510,9.33442387481788,56.7711348255963,Alle prøver
LIB-MX008_run2-F7,1014,10.3675878599481,55.4072868240217,Alle prøver
LIB-MX004-E9,3270,9.60497906162793,55.8750987781834,Alle prøver
LIB-MX004-H2,1563,12.5494638888888,55.6887138888888,Alle prøver
LIB-MX007-F7,1763,11.5565388888888,55.4141805555555,Alle prøver
LIB-MX009-H1,1833,9.82810564073036,54.9241255641823,Alle prøver
LIB-MX008_run2-E6,1351,10.3102081502949,56.2715618622004,Alle prøver
LIB-MX004-A8,1591,12.1805669238281,55.3446137667529,Alle prøver
LIB-MX007-A10,1003,11.4159861111111,55.6628388888888,Alle prøver
LIB-MX005-A3,1831,8.45919912534823,55.5215933387284,Alle prøver
LIB-MX008_run2-A7,1159,9.42282679470079,55.7524291306471,Alle prøver
LIB-MX008_run2-H1,1712,8.3788776397705,56.5262404840149,Alle prøver
LIB-MX005-A12,1752,9.75758888888889,55.0463861111111,Alle prøver
LIB-MX006-B2,3360,10.2181007031026,56.2042265400506,Alle prøver
LIB-MX008_run2-F6,3175,8.92638937399576,56.150196385864,Alle prøver
LIB-MX004-F6,1820,12.4142822997222,55.6462379997222,Alle prøver
LIB-MX002-B12,3254,12.581845141202,55.6864012084257,Alle prøver
LIB-MX006-A9,1459,10.3521737589409,55.2048994064683,Alle prøver
LIB-MX008_run2-A5,1536,12.3407877829003,55.6606425021438,Alle prøver
LIB-MX010-D11,3315,12.1366361111111,55.4221916666666,Alle prøver
LIB-MX008_run2-E9,1162,9.42229697796883,55.7526323523416,Alle prøver
LIB-MX002-G2,3078,12.1011070076766,55.6404609566213,Alle prøver
LIB-MX007-D7,3114,9.72471111111111,55.5315083333333,Alle prøver
LIB-MX010-E7,1120,12.3841577135539,55.8126567002071,Alle prøver
LIB-MX009-D1,1058,12.0936677327024,55.878667406169,Alle prøver
LIB-MX005-B2,3237,8.58972204029922,55.7197471846301,Alle prøver
LIB-MX010-B1,1366,12.259094329179,55.9649508627288,Alle prøver
LIB-MX011-F9,1705,10.6171408868003,55.0405336000765,Alle prøver
LIB-MX009-H4,1469,8.97639313630452,56.1465751369628,Alle prøver
LIB-MX002-C4,1324,12.4407197406006,55.8303549657277,Alle prøver
LIB-MX009-D2,1691,9.41358611111111,56.7990388888888,Alle prøver
LIB-MX008_run2-H10,1328,12.4762194444444,55.7970194444444,Alle prøver
LIB-MX007-D9,1555,11.7395509723905,55.7061443023435,Alle prøver
LIB-MX003-H9,3092,9.3105707107654,55.3198562793671,Alle prøver
LIB-MX002-C7,3053,9.55526781960142,54.8947605633284,Alle prøver
LIB-MX005-D7,3213,9.37605875146868,55.7037045677996,Alle prøver
LIB-MX001-G6,1309,9.47773029386607,55.4989149540136,Alle prøver
LIB-MX005-F9,1303,12.3425498930222,55.9288020341324,Alle prøver
LIB-MX008_run2-A8,3259,9.48824280465051,55.3536313685992,Alle prøver
LIB-MX009-A4,1024,9.02794806859018,56.5603348252727,Alle prøver
LIB-MX001-F5,1020,12.5064583333333,55.8814833333333,Alle prøver
LIB-MX008_run2-B4,1031,9.94211504892317,57.2870833282267,Alle prøver
LIB-MX010-F4,1630,11.3651731172334,55.5403201759317,Alle prøver
LIB-MX007-G11,1355,11.6307361111111,55.7120222222222,Alle prøver
LIB-MX003-E3,1588,12.3810718699165,55.7628061976479,Alle prøver
LIB-MX003-F1,1948,10.0780787130692,57.4263651472233,Alle prøver
LIB-MX002-F1,3319,12.4343587326191,55.8314295511033,Alle prøver
LIB-MX005-D6,1768,12.3842055555555,55.7442472222222,Alle prøver
LIB-MX008_run2-H9,1259,12.5533155501359,55.9892678813606,Alle prøver
LIB-MX005-C8,3226,10.0034059841264,55.892568102111,Alle prøver
LIB-MX009-F1,1647,12.5228111111111,55.7962638888888,Alle prøver
LIB-MX010-H4,3203,12.0512846774377,55.1163382981922,Alle prøver
LIB-MX007-F5,1639,8.59446448637862,56.3754512728108,Alle prøver
LIB-MX005-F8,1640,10.1995630483125,56.120384021078,Alle prøver
LIB-MX009-A5,3111,9.72469722222222,55.5312194444444,Alle prøver
LIB-MX011-E6,1770,12.4890777777777,55.7435388888888,Alle prøver
LIB-MX006-F2,3019,8.34005196573719,55.7242013422309,Alle prøver
LIB-MX006-D7,1727,11.7920811345291,55.4468413952338,Alle prøver
LIB-MX003-B4,3359,8.92504290790314,55.751758447624,Alle prøver
LIB-MX011-C5,1009,10.3677074111561,55.4073415286657,Alle prøver
LIB-MX005-D4,1804,11.8830638169381,54.7701327485872,Alle prøver
LIB-MX009-G6,1477,11.8714341667023,55.1463463647503,Alle prøver
LIB-MX009-A3,1586,12.3539108997207,55.7836037917143,Alle prøver
LIB-MX008_run2-H8,3194,12.2667376793608,55.9506982068373,Alle prøver
LIB-MX006-C11,1061,12.0872356532984,55.8320823702584,Alle prøver
LIB-MX008_run2-A3,1649,10.1980284373336,56.1154752500103,Alle prøver
LIB-MX007-C2,1852,14.9194555555555,55.0616999999999,Alle prøver
LIB-MX011-F7,1606,12.0252583333333,55.5620777777777,Alle prøver
LIB-MX004-G7,1386,12.4760555555555,55.9040055555555,Alle prøver
LIB-MX007-B12,3101,8.93166961715464,55.7415940291923,Alle prøver
LIB-MX004-E10,1785,10.0586780194018,56.8172663274086,Alle prøver
LIB-MX007-C6,3316,8.74801300562241,55.4053068505966,Alle prøver
LIB-MX011-E11,1088,9.40280272569603,55.6560956975972,Alle prøver
LIB-MX009-D9,1106,12.4896638888888,55.9373027777777,Alle prøver
LIB-MX007-H9,1229,11.9163764327581,55.0175046212206,Alle prøver
LIB-MX010-D5,1911,14.7132555555555,55.1234944444444,Alle prøver
LIB-MX009-C7,1420,12.6210138652702,55.6244384141046,Alle prøver
LIB-MX010-G6,1521,8.80293983010205,55.4758228698488,Alle prøver
LIB-MX011-B7,1461,11.1503508614569,54.8416495813291,Alle prøver
LIB-MX005-F11,3058,8.53528611111111,56.5126888888888,Alle prøver
LIB-MX005-G4,1694,8.77659237973612,55.331705335282,Alle prøver
LIB-MX011-H9,1743,10.095295400132,55.3426086061283,Alle prøver
LIB-MX008_run2-B6,1043,8.79768684249363,56.2649341294594,Alle prøver
LIB-MX005-A4,1523,9.31132912442827,55.0277286874125,Alle prøver
LIB-MX004-G6,1811,12.4118026859988,55.6453126119311,Alle prøver
LIB-MX009-H10,3141,9.52186966799248,57.1016557451248,Alle prøver
LIB-MX005-B5,1942,9.85631388888888,56.8330944444444,Alle prøver
LIB-MX005-G10,3161,12.4306884500897,55.8263958147006,Alle prøver
LIB-MX004-E1,1074,10.026025,57.1088972222222,Alle prøver
LIB-MX002-C2,3205,12.0756264232346,55.127265260962,Alle prøver
LIB-MX010-B11,3263,9.66974166666666,56.3644027777777,Alle prøver
LIB-MX009-D7,1915,12.5883682350452,55.6977972518951,Alle prøver
LIB-MX005-F2,1298,12.5790629869275,55.7478686290304,Alle prøver
LIB-MX005-D11,3334,12.4868555555555,55.6414527777777,Alle prøver
LIB-MX006-G7,1112,8.36860776082744,55.9632193718257,Alle prøver
LIB-MX009-E4,3356,9.93145833333333,56.4339861111111,Alle prøver
LIB-MX008_run2-E2,1929,12.1712196349749,55.7883088745034,Alle prøver
LIB-MX009-C8,3220,12.4562083333333,55.6322416666666,Alle prøver
LIB-MX003-F6,1715,10.4503777777777,55.0761527777777,Alle prøver
LIB-MX007-C4,3190,12.2670350450063,55.9506951852077,Alle prøver
LIB-MX010-A7,1541,12.4801755289414,55.7226261269319,Alle prøver
LIB-MX009-A6,1048,8.7990957623164,56.26434146494,Alle prøver
LIB-MX010-F9,3202,12.0498157329991,55.1165577445616,Alle prøver
LIB-MX010-G1,1658,12.5197978869518,55.7957085411155,Alle prøver
LIB-MX003-F2,1995,9.65622777777777,56.3814,Alle prøver
LIB-MX008_run2-G5,1416,12.3593,55.8799583333333,Alle prøver
LIB-MX004-D8,3320,12.4146388888888,55.8419,Alle prøver
LIB-MX007-A2,1215,10.3444777777777,55.3705944444444,Alle prøver
LIB-MX003-C9,3364,12.3057694444444,56.11565,Alle prøver
LIB-MX009-B11,1364,10.310107056839,56.2714617191324,Alle prøver
LIB-MX005-E8,1781,9.76046111111111,55.0480777777777,Alle prøver
LIB-MX007-A5,1097,12.4904277777777,55.9369805555555,Alle prøver
LIB-MX010-H6,1840,15.0823854077203,55.0013351725032,Alle prøver
LIB-MX009-G8,1246,12.5534424237126,55.9900344881805,Alle prøver
LIB-MX007-B6,3195,11.6244555810888,55.7074103126526,Alle prøver
LIB-MX005-B8,1208,12.5316194444444,55.8141638888888,Alle prøver
LIB-MX002-D8,3029,9.89513591504217,54.8680967599478,Alle prøver
LIB-MX008_run2-C2,1628,8.59189588733932,56.3766355835478,Alle prøver
LIB-MX006-F7,1806,12.5579861111111,55.7299055555555,Alle prøver
LIB-MX006-A1,1230,12.4429777777777,55.7487416666666,Alle prøver
LIB-MX006-G3,3146,11.7078583333333,55.7106527777777,Alle prøver
LIB-MX010-C8,1664,11.795659338101,55.2891778656604,Alle prøver
LIB-MX007-E4,1479,12.3454888888888,55.9029916666666,Alle prøver
LIB-MX010-F5,1454,11.9674656471399,55.9934572224943,Alle prøver
LIB-MX008_run2-B1,1602,12.3527733757706,55.7858033271588,Alle prøver
LIB-MX007-F8,1798,9.03769186197272,56.5812233897551,Alle prøver
LIB-MX002-G9,1709,12.3506418489137,55.65578092576,Alle prøver
LIB-MX003-B8,1624,9.53457957497979,55.7006796725389,Alle prøver
LIB-MX004-E7,1456,12.2812012389971,54.9955114441516,Alle prøver
LIB-MX010-F2,1127,9.85713125001796,55.836934667614,Alle prøver
LIB-MX003-E10,1686,10.3978111111111,55.3727083333333,Alle prøver
LIB-MX008_run2-C12,1431,12.6193611111111,55.62485,Alle prøver
LIB-MX011-C6,1717,8.99921388888888,56.4554444444444,Alle prøver
LIB-MX004-G10,1760,9.70575012098295,56.8513121409417,Alle prøver
LIB-MX003-E2,1114,10.2109080950787,56.0422357777386,Alle prøver
LIB-MX005-B7,1404,15.123087859617,55.0672569227434,Alle prøver
LIB-MX010-F11,1300,9.54022897281245,56.0787032147114,Alle prøver
LIB-MX004-F11,3378,12.2905048763061,55.5914971715569,Alle prøver
LIB-MX008_run2-D3,3335,9.46578091343717,55.0904190609942,Alle prøver
LIB-MX004-C2,1076,10.0239495128629,57.1078539242924,Alle prøver
LIB-MX011-E9,3229,9.14640411184459,55.4811864485051,Alle prøver
LIB-MX009-B5,1383,12.4747155338025,55.9028251638228,Alle prøver
LIB-MX006-B12,1086,10.1329949085423,55.3890952065246,Alle prøver
LIB-MX004-G8,1121,10.1945876788335,56.0323784203845,Alle prøver
LIB-MX010-F8,1275,9.54463888888888,56.0825805555555,Alle prøver
LIB-MX009-B10,1551,11.7392889601364,55.7057904537912,Alle prøver
LIB-MX007-G1,1188,10.3462916666666,55.3699111111111,Alle prøver
LIB-MX009-A11,1609,11.3746652310272,55.5396093164095,Alle prøver
LIB-MX001-D8,1576,12.4313637403204,55.8427953907996,Alle prøver
LIB-MX001-E4,1623,12.5937746711242,55.619874526706,Alle prøver
LIB-MX001-H9,1988,12.3646799919976,55.6195566988746,Alle prøver
LIB-MX004-D9,3163,10.6198498487472,55.0401698790017,Alle prøver
LIB-MX008_run2-B9,1023,14.9805277777777,55.1601027777777,Alle prøver
LIB-MX001-E5,1410,11.6596048378611,55.9248962972764,Alle prøver
LIB-MX002-D3,1113,12.3901662242062,55.8153627061383,Alle prøver
LIB-MX008_run2-G9,1409,10.4885924997222,56.2112547997222,Alle prøver
LIB-MX005-H3,3006,12.359203336813,55.6527194113274,Alle prøver
LIB-MX005-E6,1340,12.5135715852615,55.7089818608077,Alle prøver
LIB-MX010-B6,1905,14.7184124235396,55.1248519513139,Alle prøver
LIB-MX009-A9,1002,11.4069166666666,55.6719333333333,Alle prøver
LIB-MX007-F11,1211,11.9181980657665,55.0157534432002,Alle prøver
LIB-MX005-A8,3251,8.80761666666666,56.0745083333333,Alle prøver
LIB-MX001-B7,3068,11.8830777777777,54.8945694444444,Alle prøver
LIB-MX005-B3,3291,9.6442657,56.9793719997222,Alle prøver
LIB-MX010-C11,3083,12.4022752678937,55.8184379237214,Alle prøver
LIB-MX008_run2-H5,1096,12.4900972222222,55.9369861111111,Alle prøver
LIB-MX010-G10,1372,12.4740645547386,55.9019607466144,Alle prøver
LIB-MX003-D9,3091,8.912397323705,55.5010776033711,Alle prøver
LIB-MX001-E10,1568,12.4473382793382,55.7692740697364,Alle prøver
LIB-MX006-C4,1688,10.3992462158203,55.3725267365894,Alle prøver
LIB-MX003-G1,3044,11.2666194444444,55.3616777777777,Alle prøver
LIB-MX001-B11,1797,12.0694027777777,54.9234888888888,Alle prøver
LIB-MX011-D11,3144,10.63278515,55.0361369690921,Alle prøver
LIB-MX008_run2-A12,3138,12.4936883153415,55.6833066903252,Alle prøver
LIB-MX001-C5,1979,10.1256746801984,55.2111837331277,Alle prøver
LIB-MX001-G3,1398,11.2083271997222,55.6196096997222,Alle prøver
LIB-MX008_run2-F4,1135,9.86125189797365,55.8339214585084,Alle prøver
LIB-MX006-B3,3272,9.59431232572874,55.7260232162105,Alle prøver
LIB-MX005-G2,1836,9.32521290069677,55.7683013919125,Alle prøver
LIB-MX001-F1,1681,8.73496111111111,56.8674722222222,Alle prøver
LIB-MX001-E7,1670,9.97009375669401,55.4903100383585,Alle prøver
LIB-MX007-A11,1592,11.9640361111111,55.3146666666666,Alle prøver
LIB-MX001-B8,1759,12.5233398943066,55.6560443304836,Alle prøver
LIB-MX009-G5,1084,9.98192800781251,57.1435458060627,Alle prøver
LIB-MX006-E7,3384,12.3245808911758,55.6689288780891,Alle prøver
LIB-MX005-E9,1195,10.3444361111111,55.3698416666666,Alle prøver
LIB-MX008_run2-H6,1041,14.9800404261432,55.1589297272873,Alle prøver
LIB-MX011-H8,1697,10.1973050751707,56.1859471758563,Alle prøver
LIB-MX006-F5,1241,12.4668908680566,55.746112922315,Alle prøver
LIB-MX008_run2-C6,1480,11.8652920447618,55.1473679579798,Alle prøver
LIB-MX002-G1,1733,9.78655019515339,56.3868338098124,Alle prøver
LIB-MX009-H7,1632,8.591704460713,56.3767624810969,Alle prøver
LIB-MX007-B4,1913,10.4269330257981,55.3791875462286,Alle prøver
LIB-MX003-H10,3074,9.89992222222222,56.4024277777777,Alle prøver
LIB-MX011-E7,1108,9.91929278042601,55.2613876593586,Alle prøver
LIB-MX002-B2,1874,10.6622085976349,55.3610833794451,Alle prøver
LIB-MX005-G11,1435,12.6016362585931,55.6381258501744,Alle prøver
LIB-MX009-C9,1271,9.99944722222222,57.4567083333333,Alle prøver
LIB-MX003-G7,1767,9.41879314418959,56.5542170500305,Alle prøver
LIB-MX008_run2-B7,1415,10.4893638309029,56.2090860865031,Alle prøver
LIB-MX007-F1,1305,12.3403799483286,55.9278652696456,Alle prøver
LIB-MX008_run2-D1,1946,12.5575636977513,55.6926773094559,Alle prøver
LIB-MX008_run2-C5,3017,12.5883525641828,55.6593469817185,Alle prøver
LIB-MX010-E8,1147,14.8076172043957,55.2683877753848,Alle prøver
LIB-MX004-C6,1871,11.1895166666666,55.5223888888888,Alle prøver
LIB-MX011-B5,3148,12.2054589279373,55.6417589272747,Alle prøver
LIB-MX002-E6,3393,11.5715940621694,55.4366157623448,Alle prøver
LIB-MX011-B11,3242,8.80289941553092,54.9430086133163,Alle prøver
LIB-MX002-E9,1250,10.3031144235222,56.2243886645673,Alle prøver
LIB-MX003-A4,3035,10.3699775432308,54.8852326011541,Alle prøver
LIB-MX008_run2-G6,1737,8.37833050495085,56.5261645867105,Alle prøver
LIB-MX010-H2,1815,9.84367794085954,55.7589397694873,Alle prøver
LIB-MX002-C8,3280,9.67097568180686,57.2093144464838,Alle prøver
LIB-MX005-E2,1513,9.30153018838629,55.022153227091,Alle prøver
LIB-MX009-E5,1045,9.83440559459898,56.8918009548817,Alle prøver
LIB-MX001-H4,1619,11.1167327260318,54.8445034024884,Alle prøver
LIB-MX010-C5,1567,8.86044682289149,54.9378120722727,Alle prøver
LIB-MX006-G5,3155,12.4401472222222,55.8412333333333,Alle prøver
LIB-MX004-B9,1022,14.9699036213813,55.1647968411427,Alle prøver
LIB-MX001-B3,1722,8.71384228260806,56.831505456034,Alle prøver
LIB-MX003-H3,3328,8.917167321996,55.4994349198093,Alle prøver
LIB-MX005-A2,1782,12.37935,55.7460416666666,Alle prøver
LIB-MX009-H3,1417,12.6211492562414,55.6244784868071,Alle prøver
LIB-MX011-E5,1395,10.1555106464245,55.9706671053906,Alle prøver
LIB-MX008_run2-F11,1919,12.5744638888888,55.6987305555555,Alle prøver
LIB-MX010-A9,1217,12.1817419094147,55.4286810556683,Alle prøver
LIB-MX010-G9,3145,12.2061128611111,55.6416587777777,Alle prøver
LIB-MX008_run2-A10,1173,9.42307832789355,55.7534784891066,Alle prøver
LIB-MX011-B2,1110,9.91783611111111,57.0243388888888,Alle prøver
LIB-MX011-H6,1823,11.13219625779,54.8334111090969,Alle prøver
LIB-MX005-G5,1148,9.85781384180645,55.8367482456992,Alle prøver
LIB-MX001-D5,1517,10.5946501439995,55.055711283533,Alle prøver
LIB-MX011-D1,1721,11.1569388888888,55.6926222222222,Alle prøver
LIB-MX007-E2,3131,10.7304222222222,54.9308361111111,Alle prøver
LIB-MX008_run2-G2,1378,12.2636736661353,55.9521315768713,Alle prøver
LIB-MX011-A7,1446,9.593175116791,55.7216196300633,Alle prøver
LIB-MX008_run2-D5,3137,8.92672372479649,56.1518662969077,Alle prøver
LIB-MX001-G4,1926,9.72876579972222,55.0097428997222,Alle prøver
LIB-MX005-C5,3095,9.28461384542156,55.9836703510614,Alle prøver
LIB-MX009-G2,3206,10.0207450083234,57.5145115309682,Alle prøver
LIB-MX004-E8,1819,12.0978079671437,55.6477979496381,Alle prøver
LIB-MX003-F4,1595,12.3809319314815,55.7635678145303,Alle prøver
LIB-MX007-G6,3168,10.3101702626888,56.2719426477919,Alle prøver
LIB-MX001-B6,1327,12.4831249118115,55.8024579605822,Alle prøver
LIB-MX004-A9,3090,12.2552862209248,55.5623060644513,Alle prøver
LIB-MX007-B3,3204,11.9161094724429,55.0170444040537,Alle prøver
LIB-MX008_run2-E1,3306,8.99927693931496,56.1328664517728,Alle prøver
LIB-MX001-G8,1531,12.4741833333333,55.7061805555555,Alle prøver
LIB-MX001-A2,1122,12.3884437132348,55.8147619480303,Alle prøver
LIB-MX008_run2-B8,1629,8.59180822585225,56.3766713664717,Alle prøver
LIB-MX004-C12,1514,9.31118494194208,55.7031368759491,Alle prøver
LIB-MX007-A9,3248,11.6832379237757,55.7094335767535,Alle prøver
LIB-MX001-B10,1329,12.4692222222222,55.7929333333333,Alle prøver
LIB-MX004-C8,1866,11.1924361111111,55.5219694444444,Alle prøver
LIB-MX003-H8,1540,9.64109110712685,56.3962689108842,Alle prøver
LIB-MX001-F8,1889,10.660177070359,55.3612615777746,Alle prøver
LIB-MX010-H10,1471,11.9683060487699,55.9950764292327,Alle prøver
LIB-MX005-H6,1341,12.5137679079079,55.7093265387499,Alle prøver
LIB-MX007-D8,3174,12.5083362419851,55.6815039128579,Alle prøver
LIB-MX011-A10,1276,12.5526936480732,55.6843477405887,Alle prøver
LIB-MX011-A11,3344,10.2731311409438,56.2427519756634,Alle prøver
LIB-MX003-H4,1902,12.197372472049,55.7764373475788,Alle prøver
LIB-MX007-E11,1379,12.2674725977162,55.9521469841403,Alle prøver
LIB-MX003-C8,3355,12.3051472222222,56.1156055555555,Alle prøver
LIB-MX010-C7,1546,12.479802694646,55.7238569022659,Alle prøver
LIB-MX003-F5,1394,9.86314210691314,54.9919957922881,Alle prøver
LIB-MX001-A3,3227,11.5875884877628,55.6060455988116,Alle prøver
LIB-MX008_run2-B5,3081,9.00121985292496,56.1277803786322,Alle prøver
LIB-MX008_run2-D7,3313,9.00236070694861,56.1324876602242,Alle prøver
LIB-MX009-C1,3050,9.66976898228188,56.3637844814339,Alle prøver
LIB-MX009-G7,1232,11.9183599215694,55.0158024198004,Alle prøver
LIB-MX001-A4,1244,12.5455527777777,55.8198305555555,Alle prøver
LIB-MX007-E9,3152,9.51365137408576,57.0965412204488,Alle prøver
LIB-MX001-B5,3051,8.75693740052141,55.1573290955263,Alle prøver
LIB-MX002-F7,3232,9.69416665562925,56.3803392917129,Alle prøver
LIB-MX010-E1,3295,12.510671751709,55.9589973154278,Alle prøver
LIB-MX011-G7,1956,12.5767374742683,55.7023090131278,Alle prøver
LIB-MX010-H5,1651,11.7739940795597,55.2192981758099,Alle prøver
LIB-MX010-E4,1474,12.3376457080035,55.8991789452891,Alle prøver
LIB-MX007-H11,1614,12.3519245282951,55.7821201225378,Alle prøver
LIB-MX006-E8,3159,12.4136805555555,55.8362166666666,Alle prøver
LIB-MX004-H5,1098,12.5813277777777,55.7118527777777,Alle prøver
LIB-MX005-H10,1021,12.4650645690332,55.6236649911786,Alle prøver
LIB-MX004-B8,1092,12.5816141392072,55.7104028507401,Alle prøver
LIB-MX009-H5,3040,12.499730664094,55.7340370680517,Alle prøver
LIB-MX001-B12,1669,14.7258274177874,55.1078618331895,Alle prøver
LIB-MX002-C6,1856,11.7591666666666,55.3870083333333,Alle prøver
LIB-MX002-E1,1728,12.5063722222222,55.7750055555555,Alle prøver
LIB-MX001-H11,1813,12.0706388888888,54.9253972222222,Alle prøver
LIB-MX008_run2-H11,1998,12.5205361111111,55.6943361111111,Alle prøver
LIB-MX001-D7,1862,10.6766264224185,55.3598575486974,Alle prøver
LIB-MX010-D8,1562,8.86010715861175,54.9371568096293,Alle prøver
LIB-MX004-D1,1338,12.5162587406371,55.7129713327738,Alle prøver
LIB-MX004-E11,1716,12.5605333333333,55.8506555555555,Alle prøver
LIB-MX001-C1,1625,11.1173729226831,54.8444532021797,Alle prøver
LIB-MX010-G3,3323,11.7839777777777,55.4395611111111,Alle prøver
LIB-MX005-F5,1501,10.2285027777777,56.1130972222222,Alle prøver
LIB-MX007-G5,3169,11.618835,55.709701,Alle prøver
LIB-MX010-D1,3170,11.6277777777777,55.7152138888888,Alle prøver
LIB-MX005-D8,1512,10.1678201520187,56.1257475404928,Alle prøver
LIB-MX004-C4,3024,8.40480277777777,56.8121611111111,Alle prøver
LIB-MX003-E11,1253,12.5092518220618,55.6799493711676,Alle prøver
LIB-MX011-A9,1270,9.98929722222222,57.4540138888888,Alle prøver
LIB-MX008_run2-G3,1001,9.90617222222222,57.0416361111111,Alle prøver
LIB-MX009-G3,1377,12.281440505637,55.9553596331036,Alle prøver
LIB-MX006-B11,1308,12.339678466577,55.9290986202602,Alle prøver
LIB-MX001-F9,1941,10.7832408083118,55.3140215111709,Alle prøver
LIB-MX005-F6,1826,10.0163107088297,57.2798383959973,Alle prøver
LIB-MX001-C12,1986,10.4454348200083,57.4149276270222,Alle prøver
LIB-MX011-A6,1464,12.1020110233688,55.6590727600522,Alle prøver
LIB-MX007-B1,3341,12.4383006269836,55.7405096426419,Alle prøver
LIB-MX011-B6,1081,9.89795,55.2660944444444,Alle prøver
LIB-MX008_run2-D9,1005,9.83022222222222,56.8813972222222,Alle prøver
LIB-MX004-H3,1824,12.0950703976177,55.6482828416988,Alle prøver
LIB-MX009-C2,3322,10.611522132937,55.0647373110864,Alle prøver
LIB-MX005-E7,1484,12.6728049471141,55.5572517499078,Alle prøver
LIB-MX008_run2-G10,1515,12.5414080997718,55.7366454413681,Alle prøver
LIB-MX011-F11,1234,12.3598403975258,55.7193308612851,Alle prøver
LIB-MX003-G6,3086,9.89878142760599,54.9217262410608,Alle prøver
LIB-MX007-E10,1239,12.5534583333333,55.9892472222222,Alle prøver
LIB-MX008_run2-F2,1008,11.4143251007882,55.6638255063265,Alle prøver
LIB-MX009-H11,3269,12.3350583333333,55.7266527777777,Alle prøver
LIB-MX002-G3,1973,9.77569563886644,56.4512170481443,Alle prøver
LIB-MX006-E5,1605,12.3434527777777,55.5954388888888,Alle prøver
LIB-MX009-H2,1645,11.3751132681444,55.5381882580715,Alle prøver
LIB-MX010-H11,1301,9.54155942724956,56.0784907374619,Alle prøver
LIB-MX008_run2-E3,1520,10.5073131457188,54.8501054669017,Alle prøver
LIB-MX006-C9,3088,10.1990211772495,56.1956628431971,Alle prøver
LIB-MX006-H3,1960,9.76680270449954,55.8940309988553,Alle prøver
LIB-MX002-D2,1693,10.3292918587971,55.3311006480339,Alle prøver
LIB-MX006-F11,1607,10.2025321298549,56.1381435526121,Alle prøver
LIB-MX001-G2,1802,12.0969972222222,55.3113777777777,Alle prøver
LIB-MX005-A11,1599,10.2022839999999,56.1380322997222,Alle prøver
LIB-MX003-D4,3210,9.52141786566497,55.5081029587219,Alle prøver
LIB-MX007-C9,3298,12.5089547876366,55.9590081086592,Alle prøver
LIB-MX006-C2,1070,9.45458417399348,56.1452669316101,Alle prøver
LIB-MX009-A12,1775,10.1061555555555,56.3313777777777,Alle prøver
LIB-MX006-B1,1955,9.6054906279187,56.9621901708309,Alle prøver
LIB-MX006-F8,1090,8.36708577011363,55.9634252529733,Alle prøver
LIB-MX003-C4,3327,9.31120584854549,55.3183280678985,Alle prøver
LIB-MX005-B4,1800,11.8828877797656,54.7703761511502,Alle prøver
LIB-MX003-A7,1945,10.0199272444248,56.4932562871909,Alle prøver
LIB-MX011-B9,1243,12.3588723463314,55.7115488982374,Alle prøver
LIB-MX011-B8,3230,8.17861746629727,56.6175988202595,Alle prøver
LIB-MX008_run2-C8,1465,12.3432663181241,55.9006963471045,Alle prøver
LIB-MX002-F9,1799,9.57385277777777,56.1909916666666,Alle prøver
LIB-MX009-G11,1754,8.63563333333333,56.3309166666666,Alle prøver
LIB-MX006-B6,1307,12.5796777777777,55.7479388888888,Alle prøver
LIB-MX006-C12,3132,10.7345888888888,54.9309472222222,Alle prøver
LIB-MX005-F4,1903,8.88046944444444,54.9393222222222,Alle prøver
LIB-MX001-B9,1690,9.94969549927815,57.0292180083684,Alle prøver
LIB-MX002-B7,1284,10.618782017795,55.0385720149648,Alle prøver
LIB-MX007-C5,3186,11.627756550259,55.7152301920616,Alle prøver
LIB-MX011-G3,1370,12.4742789396993,55.9015948268923,Alle prøver
LIB-MX005-A7,1608,9.53394070400203,55.6995099259448,Alle prøver
LIB-MX006-H2,3052,9.59423007110067,55.7259909925737,Alle prøver
LIB-MX005-B9,1830,12.2950856608137,55.64153497227,Alle prøver
LIB-MX006-E3,1071,12.0848046235558,55.8317007893396,Alle prøver
LIB-MX005-H11,1387,12.4761368502804,55.9037611874546,Alle prøver
LIB-MX004-C9,3069,9.76861613868411,56.6567186312727,Alle prøver
LIB-MX011-C11,1671,9.50874945357529,55.4722136407566,Alle prøver
LIB-MX006-C7,1714,9.20189871093751,55.759427000158,Alle prøver
LIB-MX010-C4,1904,10.4268528214333,55.3786971355337,Alle prøver
LIB-MX005-G1,3046,11.3659240658063,55.4207171928037,Alle prøver
LIB-MX001-A11,1951,10.4014222222222,55.3979833333333,Alle prøver
LIB-MX005-A6,1261,11.7072361111111,55.7106861111111,Alle prøver
LIB-MX006-F6,1626,12.5322692390482,55.7823583854755,Alle prøver
LIB-MX002-C12,1414,12.3552542884955,55.880347370748,Alle prøver
LIB-MX006-G10,1056,12.0851887438336,55.8320190078978,Alle prøver
LIB-MX003-B3,1924,12.2025287578116,55.7746263114531,Alle prøver
LIB-MX005-F1,1777,9.41671236730468,56.5574354076936,Alle prøver
LIB-MX002-G10,1403,10.5132035733861,57.443834246929,Alle prøver
LIB-MX003-D6,1978,12.1548824632529,55.9126240233208,Alle prøver
LIB-MX004-A4,1643,8.9910277516026,56.1058192306133,Alle prøver
LIB-MX008_run2-H2,3217,9.85510251100897,55.3699336705885,Alle prøver
LIB-MX005-A9,3057,8.53648370420665,56.5125825531345,Alle prøver
LIB-MX001-B1,1656,11.116294330734,54.8456290855002,Alle prøver
LIB-MX010-A5,1218,12.1797694444444,55.4280083333333,Alle prøver
LIB-MX008_run2-C1,1653,9.90624058632001,57.0552644559281,Alle prøver
LIB-MX010-G7,3292,12.3998961084919,55.7061379096747,Alle prøver
LIB-MX006-D1,3301,10.5099465010178,57.4364377745568,Alle prøver
LIB-MX003-C1,1450,12.1045805555555,55.6604527777777,Alle prøver
LIB-MX001-C2,3049,9.64584721824647,55.2512526602435,Alle prøver
LIB-MX009-H9,1473,11.8709502428656,55.1477065382075,Alle prøver
LIB-MX008_run2-E8,1017,9.82841081812115,56.8819643483575,Alle prøver
LIB-MX011-D5,1963,9.33439538888889,56.5033035277777,Alle prøver
LIB-MX005-G8,1251,12.5314389895094,55.8234240515568,Alle prøver
LIB-MX002-B3,3228,10.283469306181,54.9216289036055,Alle prøver
LIB-MX005-E11,1194,10.344625,55.3695222222222,Alle prøver
LIB-MX008_run2-C4,1943,12.335053837891,55.6048270285178,Alle prøver
LIB-MX005-B10,3346,12.4380318767855,55.7396943711517,Alle prøver
LIB-MX009-B3,3119,10.0338194444444,56.5385638888888,Alle prøver
LIB-MX003-D1,1319,12.4394158789364,55.8322150227275,Alle prøver
LIB-MX010-A11,1432,12.3997132841331,55.6949860653972,Alle prøver
LIB-MX001-D6,3089,12.0348710503159,55.5694891668717,Alle prøver
LIB-MX002-C5,1153,12.4046319626598,55.9846772656715,Alle prøver
LIB-MX006-C6,1072,9.51500906250001,56.1466439562692,Alle prøver
LIB-MX005-G3,1783,10.0596008551757,56.8196242544043,Alle prøver
LIB-MX006-H1,1952,11.4546833333333,55.7869027777777,Alle prøver
LIB-MX011-H7,1732,8.71473560933501,56.8316933970901,Alle prøver
LIB-MX007-H2,1256,8.92462777777777,56.1510555555555,Alle prøver
LIB-MX003-D7,1550,9.02881865459718,56.1501307092526,Alle prøver
LIB-MX002-E5,3009,10.4630119043165,55.2412926958509,Alle prøver
LIB-MX010-F1,1887,9.4260592895641,56.2844819882157,Alle prøver
LIB-MX011-D10,1079,9.40076668903301,55.656277875993,Alle prøver
LIB-MX006-B7,3063,9.53280830698947,55.402430250751,Alle prøver
LIB-MX007-E8,1741,12.5952061055727,55.78692522659,Alle prøver
LIB-MX001-H1,1489,12.0169138888888,55.0397222222222,Alle prøver
LIB-MX002-G8,1310,9.47775792757659,55.4994820580777,Alle prøver
LIB-MX011-A5,1371,12.4742967937982,55.9017731856162,Alle prøver
LIB-MX001-C6,3240,9.70493559847192,56.8510035862227,Alle prøver
LIB-MX004-F5,1679,9.51773120147964,56.8641565696669,Alle prøver
LIB-MX004-B6,1577,12.5512445461843,55.6881425516913,Alle prøver
LIB-MX004-C1,1726,10.3904390446175,55.4389178249515,Alle prøver
LIB-MX002-G6,1436,,,Alle prøver
LIB-MX006-F4,1543,12.4795862472351,55.6253716386175,Alle prøver
LIB-MX007-A7,1231,11.9171256139891,55.0162535809014,Alle prøver
LIB-MX007-E6,1922,12.1836361111111,55.6466305555555,Alle prøver
LIB-MX008_run2-G7,3181,8.92827222222222,56.15065,Alle prøver
LIB-MX010-E9,1982,9.79327777777777,55.027625,Alle prøver
LIB-MX003-D3,3045,12.4926602732384,55.8912030810643,Alle prøver
LIB-MX001-C11,1401,9.86822091658856,54.9911200921254,Alle prøver
LIB-MX009-E3,1334,12.4715222222222,55.8030194444444,Alle prøver
LIB-MX005-G9,3290,10.5091444444444,57.4360444444444,Alle prøver
LIB-MX011-G2,1532,12.5830583333333,55.6703638888888,Alle prøver
LIB-MX003-B11,1508,12.5669527777777,55.6993777777777,Alle prøver
LIB-MX009-D5,1747,10.5408628777245,55.1936121434881,Alle prøver
LIB-MX002-D1,1667,11.5091817991382,55.8154004488321,Alle prøver
LIB-MX010-D7,3307,10.1828782880463,56.1866464060726,Alle prøver
LIB-MX001-E3,1795,9.87292222222222,56.8330888888888,Alle prøver
LIB-MX010-A2,1345,10.3056391165388,56.2720992792035,Alle prøver
LIB-MX010-A12,3288,12.2166991548824,55.5435347124216,Alle prøver
LIB-MX004-G2,1740,9.78452443249398,56.3853776205913,Alle prøver
LIB-MX001-F2,1616,12.4879524823963,55.6401296122,Alle prøver
LIB-MX005-C1,1065,12.3088545964803,55.7427156993598,Alle prøver
LIB-MX009-A8,1350,10.3059663079686,56.2720835864742,Alle prøver
LIB-MX003-E7,3308,10.4921076401061,56.3858146953366,Alle prøver
LIB-MX005-C7,1909,8.88051657348376,54.9399084058207,Alle prøver
LIB-MX002-B8,1865,8.70125,55.4692611111111,Alle prøver
LIB-MX009-C5,3167,10.3035350722718,56.2730710412935,Alle prøver
LIB-MX004-G9,1504,12.3234805555555,55.5911472222222,Alle prøver
LIB-MX004-H8,3026,11.9523299829415,55.3172383984458,Alle prøver
LIB-MX003-A3,3357,8.92345522222222,55.7539825277777,Alle prøver
LIB-MX003-D8,1980,12.5369979164859,55.6784836471139,Alle prøver
LIB-MX005-A10,1779,11.8677861111111,55.1774777777777,Alle prøver
LIB-MX001-G5,1761,9.06403690513297,55.1880188709724,Alle prøver
LIB-MX003-B9,1644,8.98849794203161,56.1078816145666,Alle prøver
LIB-MX010-A3,1115,12.4903249999999,55.9371138888888,Alle prøver
LIB-MX010-B10,1116,9.88210599498286,57.0208583455133,Alle prøver
LIB-MX004-B1,1388,12.4765888888888,55.9039638888888,Alle prøver
LIB-MX005-D9,1085,9.45921300143962,56.1501594564588,Alle prøver
LIB-MX007-F2,3255,9.77457062207227,55.5394674073408,Alle prøver
LIB-MX001-B2,1845,9.27536135816971,56.140058634223,Alle prøver
LIB-MX009-D6,1511,9.31000310679278,55.6999377620866,Alle prøver
